source_prefix	source_id	source_name	relation	target_prefix	target_id	type	source
ARI	0001001	Acquired epidermolysis bullosa	skos:exactMatch	SNOMEDCT	2772003	manual	github:KrishnaTO
ARI	0001001	Acquired epidermolysis bullosa	skos:exactMatch	omop	4100661	manual	github:KrishnaTO
ARI	0001002	Acquired hemophilia	skos:exactMatch	SNOMEDCT	785308008	manual	github:KrishnaTO
ARI	0001002	Acquired hemophilia	skos:exactMatch	omop	37203917	manual	github:KrishnaTO
ARI	0001003	Acute disseminated encephalomyelitis	skos:exactMatch	SNOMEDCT	83942000	manual	github:KrishnaTO
ARI	0001003	Acute disseminated encephalomyelitis	skos:exactMatch	omop	374021	manual	github:KrishnaTO
ARI	0001003	Acute disseminated encephalomyelitis	skos:exactMatch	DOID	639	manual	github:KrishnaTO
ARI	0001001	Acquired epidermolysis bullosa	skos:exactMatch	DOID	4313	manual	github:KrishnaTO
ARI	0001001	Acquired epidermolysis bullosa	skos:exactMatch	umls	C0079293	manual	github:KrishnaTO
ARI	0001001	Acquired epidermolysis bullosa	skos:exactMatch	icd10cm	L12.3	manual	github:KrishnaTO
ARI	0001001	Acquired epidermolysis bullosa	skos:exactMatch	mesh	D016107	manual	github:KrishnaTO
ARI	0001001	Acquired epidermolysis bullosa	skos:exactMatch	ncit	C84690	manual	github:KrishnaTO
ARI	0001003	Acute disseminated encephalomyelitis	skos:exactMatch	ncit	C34578	manual	github:KrishnaTO
ARI	0001003	Acute disseminated encephalomyelitis	skos:exactMatch	mesh	D004673	manual	github:KrishnaTO
ARI	0001003	Acute disseminated encephalomyelitis	skos:exactMatch	umls	C0014059	manual	github:KrishnaTO
ARI	0001004	Acute febrile mucocutaneous lymph node syndrome	skos:exactMatch	SNOMEDCT	75053002	manual	github:KrishnaTO
ARI	0001004	Acute febrile mucocutaneous lymph node syndrome	skos:exactMatch	omop	314381	manual	github:KrishnaTO
ARI	0001004	Acute febrile mucocutaneous lymph node syndrome	skos:exactMatch	DOID	13378	manual	github:KrishnaTO
ARI	0001004	Acute febrile mucocutaneous lymph node syndrome	skos:exactMatch	umls	C0026691	manual	github:KrishnaTO
ARI	0001004	Acute febrile mucocutaneous lymph node syndrome	skos:exactMatch	icd10cm	M30.3	manual	github:KrishnaTO
ARI	0001004	Acute febrile mucocutaneous lymph node syndrome	skos:exactMatch	mesh	D009080	manual	github:KrishnaTO
ARI	0001004	Acute febrile mucocutaneous lymph node syndrome	skos:exactMatch	ncit	C34825	manual	github:KrishnaTO
ARI	0001005	Acute lichenoid pityriasis	skos:exactMatch	SNOMEDCT	86487001	manual	github:KrishnaTO
ARI	0001005	Acute lichenoid pityriasis	skos:exactMatch	omop	4314705	manual	github:KrishnaTO
ARI	0001006	Addison's disease	skos:exactMatch	DOID	13774	manual	github:KrishnaTO
ARI	0001006	Addison's disease	skos:exactMatch	umls	C0001403	manual	github:KrishnaTO
ARI	0001006	Addison's disease	skos:exactMatch	icd10cm	E27.1	manual	github:KrishnaTO
ARI	0001006	Addison's disease	skos:exactMatch	mesh	D000224	manual	github:KrishnaTO
ARI	0001006	Addison's disease	skos:exactMatch	ncit	C26689	manual	github:KrishnaTO
ARI	0001008	Adult onset Still's disease	skos:exactMatch	SNOMEDCT	239920006	manual	github:KrishnaTO
ARI	0001008	Adult onset Still's disease	skos:exactMatch	omop	4344166	manual	github:KrishnaTO
ARI	0001008	Adult onset Still's disease	skos:exactMatch	umls	C0085253	manual	github:KrishnaTO
ARI	0001008	Adult onset Still's disease	skos:exactMatch	DOID	14256	manual	github:KrishnaTO
ARI	0001008	Adult onset Still's disease	skos:exactMatch	icd10cm	M06.1	manual	github:KrishnaTO
ARI	0001008	Adult onset Still's disease	skos:exactMatch	mesh	D016706	manual	github:KrishnaTO
ARI	0001008	Adult onset Still's disease	skos:exactMatch	ncit	C197832	manual	github:KrishnaTO
ARI	0001007	Adult-onset immunodeficiency due to anti-IFN-gamma autoantibodies	skos:exactMatch	SNOMEDCT	784393004	manual	github:KrishnaTO
ARI	0001007	Adult-onset immunodeficiency due to anti-IFN-gamma autoantibodies	skos:exactMatch	omop	37205096	manual	github:KrishnaTO
ARI	0001009	Age related macular degeneration	skos:exactMatch	SNOMEDCT	267718000	manual	github:KrishnaTO
ARI	0001009	Age related macular degeneration	skos:exactMatch	omop	374028	manual	github:KrishnaTO
ARI	0001009	Age related macular degeneration	skos:exactMatch	DOID	10871	manual	github:KrishnaTO
ARI	0001009	Age related macular degeneration	skos:exactMatch	umls	C0242383	manual	github:KrishnaTO
ARI	0001009	Age related macular degeneration	skos:exactMatch	mesh	D008268	manual	github:KrishnaTO
ARI	0001009	Age related macular degeneration	skos:exactMatch	ncit	C84391	manual	github:KrishnaTO
ARI	0001006	Addison's disease	skos:exactMatch	SNOMEDCT	363732003	manual	github:KrishnaTO
ARI	0001009	Age related macular degeneration	skos:exactMatch	icd10cm	H35.30	manual	github:KrishnaTO
ARI	0001010	Alopecia areata	skos:exactMatch	umls	C0002171	manual	github:KrishnaTO
ARI	0001011	Angiofollicular lymph node hyperplasia	skos:exactMatch	umls	C0017531	manual	github:KrishnaTO
ARI	0001012	Ankylosing spondylitis	skos:exactMatch	umls	C0038013	manual	github:KrishnaTO
ARI	0001010	Alopecia areata	skos:exactMatch	DOID	986	manual	github:KrishnaTO
ARI	0001011	Angiofollicular lymph node hyperplasia	skos:exactMatch	DOID	0111157	manual	github:KrishnaTO
ARI	0001012	Ankylosing spondylitis	skos:exactMatch	DOID	7147	manual	github:KrishnaTO
ARI	0001011	Angiofollicular lymph node hyperplasia	skos:exactMatch	SNOMEDCT	207036003	manual	github:KrishnaTO
ARI	0001012	Ankylosing spondylitis	skos:exactMatch	SNOMEDCT	9631008	manual	github:KrishnaTO
ARI	0001010	Alopecia areata	skos:exactMatch	SNOMEDCT	68225006	manual	github:KrishnaTO
ARI	0001010	Alopecia areata	skos:exactMatch	icd10cm	L63	manual	github:KrishnaTO
ARI	0001011	Angiofollicular lymph node hyperplasia	skos:exactMatch	icd10cm	D47.Z2	manual	github:KrishnaTO
ARI	0001012	Ankylosing spondylitis	skos:exactMatch	icd10cm	M45	manual	github:KrishnaTO
ARI	0001010	Alopecia areata	skos:exactMatch	mesh	D000506	manual	github:KrishnaTO
ARI	0001011	Angiofollicular lymph node hyperplasia	skos:exactMatch	mesh	D005871	manual	github:KrishnaTO
ARI	0001012	Ankylosing spondylitis	skos:exactMatch	mesh	D013167	manual	github:KrishnaTO
ARI	0001011	Angiofollicular lymph node hyperplasia	skos:exactMatch	ncit	C3056	manual	github:KrishnaTO
ARI	0001012	Ankylosing spondylitis	skos:exactMatch	ncit	C84564	manual	github:KrishnaTO
ARI	0001006	Addison's disease	skos:exactMatch	SNOMEDCT	386584007	manual-negative	github:KrishnaTO
ARI	0001010	Alopecia areata	skos:exactMatch	SNOMEDCT	19754005	manual-negative	github:KrishnaTO
ARI	0001010	Alopecia areata	skos:exactMatch	SNOMEDCT	86166000	manual-negative	github:KrishnaTO
ARI	0001011	Angiofollicular lymph node hyperplasia	skos:exactMatch	mesh	C536362	manual-negative	github:KrishnaTO
ARI	0001006	Addison's disease	skos:exactMatch	omop	443394	manual	github:AnjaliRH
ARI	0001006	Addison's disease	skos:exactMatch	MONDO	0100480	manual	github:AnjaliRH
ARI	0001008	Adult onset Still's disease	skos:exactMatch	MONDO	0019355	manual	github:AnjaliRH
ARI	0001005	Acute lichenoid pityriasis	skos:exactMatch	MONDO	0024250	manual	github:AnjaliRH
ARI	0001005	Acute lichenoid pityriasis	skos:exactMatch	ncit	C37871	manual	github:AnjaliRH
ARI	0001005	Acute lichenoid pityriasis	skos:exactMatch	icd10cm	L41.0	manual	github:AnjaliRH
ARI	0001010	Alopecia areata	skos:exactMatch	omop	141933	manual	github:AnjaliRH
ARI	0001012	Ankylosing spondylitis	skos:exactMatch	omop	437082	manual	github:AnjaliRH
ARI	0001012	Ankylosing spondylitis	skos:exactMatch	MONDO	0005306	manual	github:AnjaliRH
ARI	0001011	Angiofollicular lymph node hyperplasia	skos:exactMatch	omop	4118225	manual	github:KrishnaTO
ARI	0001010	Alopecia areata	skos:exactMatch	omop	4056343	manual-negative	github:KrishnaTO
ARI	0001010	Alopecia areata	skos:exactMatch	omop	4312756	manual-negative	github:KrishnaTO
ARI	0001003	Acute disseminated encephalomyelitis	skos:exactMatch	omop	4249574	manual-negative	github:KrishnaTO
ARI	0001076	Cutaneous lupus erythematosus	skos:exactMatch	SNOMEDCT	7119001	manual	github:KrishnaTO
ARI	0001076	Cutaneous lupus erythematosus	skos:exactMatch	omop	4324123	manual	github:KrishnaTO
ARI	0001094	Female infertility due to antisperm antibodies	skos:exactMatch	SNOMEDCT	414238007	manual	github:KrishnaTO
ARI	0001094	Female infertility due to antisperm antibodies	skos:exactMatch	omop	4188008	manual	github:KrishnaTO
ARI	0001096	Graves' disease	skos:exactMatch	SNOMEDCT	353295004	manual	github:KrishnaTO
ARI	0001096	Graves' disease	skos:exactMatch	omop	4232076	manual	github:KrishnaTO
ARI	0001097	Guillain-Barré syndrome	skos:exactMatch	SNOMEDCT	40956001	manual	github:KrishnaTO
ARI	0001097	Guillain-Barré syndrome	skos:exactMatch	omop	4164770	manual	github:KrishnaTO
ARI	0001107	Immune thrombocytopenia	skos:exactMatch	SNOMEDCT	2897005	manual	github:KrishnaTO
ARI	0001107	Immune thrombocytopenia	skos:exactMatch	omop	4103532	manual	github:KrishnaTO
ARI	0001109	Immunoglobulin G4 related disease	skos:exactMatch	SNOMEDCT	10743271000119103	manual	github:KrishnaTO
ARI	0001109	Immunoglobulin G4 related disease	skos:exactMatch	omop	36717255	manual	github:KrishnaTO
ARI	0001115	Intermediate uveitis	skos:exactMatch	SNOMEDCT	314429009	manual	github:KrishnaTO
ARI	0001115	Intermediate uveitis	skos:exactMatch	omop	4197155	manual	github:KrishnaTO
ARI	0001076	Cutaneous lupus erythematosus	skos:exactMatch	SNOMEDCT	239891002	manual-negative	github:KrishnaTO
ARI	0001076	Cutaneous lupus erythematosus	skos:exactMatch	SNOMEDCT	200941006	manual-negative	github:KrishnaTO
ARI	0001076	Cutaneous lupus erythematosus	skos:exactMatch	SNOMEDCT	200938002	manual-negative	github:KrishnaTO
ARI	0001076	Cutaneous lupus erythematosus	skos:exactMatch	SNOMEDCT	403495008	manual-negative	github:KrishnaTO
ARI	0001076	Cutaneous lupus erythematosus	skos:exactMatch	SNOMEDCT	238927000	manual-negative	github:KrishnaTO
ARI	0001076	Cutaneous lupus erythematosus	skos:exactMatch	omop	4081248	manual-negative	github:KrishnaTO
ARI	0001076	Cutaneous lupus erythematosus	skos:exactMatch	omop	4066824	manual-negative	github:KrishnaTO
ARI	0001076	Cutaneous lupus erythematosus	skos:exactMatch	omop	4295301	manual-negative	github:KrishnaTO
ARI	0001076	Cutaneous lupus erythematosus	skos:exactMatch	omop	4066481	manual-negative	github:KrishnaTO
ARI	0001076	Cutaneous lupus erythematosus	skos:exactMatch	omop	4343923	manual-negative	github:KrishnaTO
ARI	0001094	Female infertility due to antisperm antibodies	skos:exactMatch	SNOMEDCT	236816007	manual-negative	github:KrishnaTO
ARI	0001094	Female infertility due to antisperm antibodies	skos:exactMatch	omop	4127869	manual-negative	github:KrishnaTO
ARI	0001096	Graves' disease	skos:exactMatch	SNOMEDCT	237499004	manual-negative	github:KrishnaTO
ARI	0001096	Graves' disease	skos:exactMatch	SNOMEDCT	90739004	manual-negative	github:KrishnaTO
ARI	0001096	Graves' disease	skos:exactMatch	omop	138387	manual-negative	github:KrishnaTO
ARI	0001096	Graves' disease	skos:exactMatch	omop	4034811	manual-negative	github:KrishnaTO
ARI	0001097	Guillain-Barré syndrome	skos:exactMatch	SNOMEDCT	715770009	manual-negative	github:KrishnaTO
ARI	0001097	Guillain-Barré syndrome	skos:exactMatch	SNOMEDCT	716723000	manual-negative	github:KrishnaTO
ARI	0001097	Guillain-Barré syndrome	skos:exactMatch	SNOMEDCT	1767005	manual-negative	github:KrishnaTO
ARI	0001097	Guillain-Barré syndrome	skos:exactMatch	omop	37396086	manual-negative	github:KrishnaTO
ARI	0001097	Guillain-Barré syndrome	skos:exactMatch	omop	4070552	manual-negative	github:KrishnaTO
ARI	0001097	Guillain-Barré syndrome	skos:exactMatch	omop	37396786	manual-negative	github:KrishnaTO
ARI	0001107	Immune thrombocytopenia	skos:exactMatch	SNOMEDCT	438476003	manual-negative	github:KrishnaTO
ARI	0001107	Immune thrombocytopenia	skos:exactMatch	SNOMEDCT	13172003	manual-negative	github:KrishnaTO
ARI	0001107	Immune thrombocytopenia	skos:exactMatch	SNOMEDCT	32273002	manual-negative	github:KrishnaTO
ARI	0001107	Immune thrombocytopenia	skos:exactMatch	SNOMEDCT	128091003	manual-negative	github:KrishnaTO
ARI	0001107	Immune thrombocytopenia	skos:exactMatch	SNOMEDCT	128092005	manual-negative	github:KrishnaTO
ARI	0001107	Immune thrombocytopenia	skos:exactMatch	omop	4028065	manual-negative	github:KrishnaTO
ARI	0001107	Immune thrombocytopenia	skos:exactMatch	omop	4137430	manual-negative	github:KrishnaTO
ARI	0001107	Immune thrombocytopenia	skos:exactMatch	omop	318397	manual-negative	github:KrishnaTO
ARI	0001107	Immune thrombocytopenia	skos:exactMatch	omop	4230266	manual-negative	github:KrishnaTO
ARI	0001107	Immune thrombocytopenia	skos:exactMatch	omop	4133983	manual-negative	github:KrishnaTO
ARI	0001109	Immunoglobulin G4 related disease	skos:exactMatch	SNOMEDCT	722870008	manual-negative	github:KrishnaTO
ARI	0001109	Immunoglobulin G4 related disease	skos:exactMatch	SNOMEDCT	234549008	manual-negative	github:KrishnaTO
ARI	0001109	Immunoglobulin G4 related disease	skos:exactMatch	omop	4121282	manual-negative	github:KrishnaTO
ARI	0001109	Immunoglobulin G4 related disease	skos:exactMatch	omop	36716713	manual-negative	github:KrishnaTO
ARI	0001115	Intermediate uveitis	skos:exactMatch	SNOMEDCT	45688009	manual-negative	github:KrishnaTO
ARI	0001115	Intermediate uveitis	skos:exactMatch	SNOMEDCT	1231232007	manual-negative	github:KrishnaTO
ARI	0001115	Intermediate uveitis	skos:exactMatch	omop	37164507	manual-negative	github:KrishnaTO
ARI	0001115	Intermediate uveitis	skos:exactMatch	omop	434026	manual-negative	github:KrishnaTO
ARI	0001014	Anti-glomerular basement membrane disease	skos:exactMatch	SNOMEDCT	788613004	manual	github:KrishnaTO
ARI	0001014	Anti-glomerular basement membrane disease	skos:exactMatch	omop	37312293	manual	github:KrishnaTO
ARI	0001017	Antineutrophil cytoplasmic antibody positive vasculitis	skos:exactMatch	SNOMEDCT	195353004	manual	github:KrishnaTO
ARI	0001014	Anti-glomerular basement membrane disease	skos:exactMatch	DOID	9808	manual	github:KrishnaTO
ARI	0001014	Anti-glomerular basement membrane disease	skos:exactMatch	ncit	C84566	manual	github:KrishnaTO
ARI	0001018	Antiphospholipid syndrome	skos:exactMatch	icd10cm	D68.61	manual	github:KrishnaTO
ARI	0001014	Anti-glomerular basement membrane disease	skos:exactMatch	umls	C0403529	manual	github:KrishnaTO
ARI	0001014	Anti-glomerular basement membrane disease	skos:exactMatch	mesh	D019867	manual	github:KrishnaTO
ARI	0001014	Anti-glomerular basement membrane disease	skos:exactMatch	SNOMEDCT	236506009	manual-negative	github:KrishnaTO
ARI	0001014	Anti-glomerular basement membrane disease	skos:exactMatch	SNOMEDCT	62853008	manual-negative	github:KrishnaTO
ARI	0001014	Anti-glomerular basement membrane disease	skos:exactMatch	SNOMEDCT	50581000	manual-negative	github:KrishnaTO
ARI	0001014	Anti-glomerular basement membrane disease	skos:exactMatch	omop	4126115	manual-negative	github:KrishnaTO
ARI	0001014	Anti-glomerular basement membrane disease	skos:exactMatch	omop	4267717	manual-negative	github:KrishnaTO
ARI	0001014	Anti-glomerular basement membrane disease	skos:exactMatch	omop	195289	manual-negative	github:KrishnaTO
ARI	0001014	Anti-glomerular basement membrane disease	skos:exactMatch	icd10cm	M31.0	manual-negative	github:KrishnaTO
ARI	0001208	Uveitis	skos:exactMatch	SNOMEDCT	128473001	manual	github:KrishnaTO
ARI	0001208	Uveitis	skos:exactMatch	omop	4028363	manual	github:KrishnaTO
ARI	0001208	Uveitis	skos:exactMatch	DOID	0040088	manual	github:KrishnaTO
ARI	0001199	Systemic sclerosis with limited cutaneous involvement	skos:exactMatch	SNOMEDCT	298285004	manual	github:KrishnaTO
ARI	0001199	Systemic sclerosis with limited cutaneous involvement	skos:exactMatch	omop	4185187	manual	github:KrishnaTO
ARI	0001199	Systemic sclerosis with limited cutaneous involvement	skos:exactMatch	icd10cm	M34.1	manual	github:KrishnaTO
ARI	0001208	Uveitis	skos:exactMatch	SNOMEDCT	231947004	manual-negative	github:KrishnaTO
ARI	0001208	Uveitis	skos:exactMatch	omop	4335981	manual-negative	github:KrishnaTO
ARI	0001199	Systemic sclerosis with limited cutaneous involvement	skos:exactMatch	SNOMEDCT	128461001	manual-negative	github:KrishnaTO
ARI	0001199	Systemic sclerosis with limited cutaneous involvement	skos:exactMatch	SNOMEDCT	31848007	manual-negative	github:KrishnaTO
ARI	0001199	Systemic sclerosis with limited cutaneous involvement	skos:exactMatch	omop	4135937	manual-negative	github:KrishnaTO
ARI	0001199	Systemic sclerosis with limited cutaneous involvement	skos:exactMatch	omop	4027230	manual-negative	github:KrishnaTO
ARI	0001199	Systemic sclerosis with limited cutaneous involvement	skos:exactMatch	ncit	C70646	manual-negative	github:KrishnaTO
ARI	0001199	Systemic sclerosis with limited cutaneous involvement	skos:exactMatch	umls	C1527226	manual-negative	github:KrishnaTO
ARI	0001199	Systemic sclerosis with limited cutaneous involvement	skos:exactMatch	umls	C0206138	manual-negative	github:KrishnaTO
ARI	0001199	Systemic sclerosis with limited cutaneous involvement	skos:exactMatch	mesh	D017675	manual-negative	github:KrishnaTO
ARI	0001047	Autoimmune retinopathy	skos:exactMatch	SNOMEDCT	724809006	manual	github:KrishnaTO
ARI	0001047	Autoimmune retinopathy	skos:exactMatch	omop	37110540	manual	github:KrishnaTO
ARI	0001048	Autoimmune thyroiditis	skos:exactMatch	SNOMEDCT	66944004	manual	github:KrishnaTO
ARI	0001048	Autoimmune thyroiditis	skos:exactMatch	omop	4281109	manual	github:KrishnaTO
ARI	0001048	Autoimmune thyroiditis	skos:exactMatch	DOID	7188	manual	github:KrishnaTO
ARI	0001048	Autoimmune thyroiditis	skos:exactMatch	ncit	C38766	manual	github:KrishnaTO
ARI	0001048	Autoimmune thyroiditis	skos:exactMatch	icd10cm	E06.3	manual	github:KrishnaTO
ARI	0001048	Autoimmune thyroiditis	skos:exactMatch	umls	C0920350	manual	github:KrishnaTO
ARI	0001048	Autoimmune thyroiditis	skos:exactMatch	mesh	D013967	manual	github:KrishnaTO
ARI	0001049	Autoimmune urticaria	skos:exactMatch	SNOMEDCT	402397006	manual	github:KrishnaTO
ARI	0001049	Autoimmune urticaria	skos:exactMatch	omop	4224623	manual	github:KrishnaTO
ARI	0001050	Autoimmune urticaria and/or angioedema	skos:exactMatch	SNOMEDCT	402402005	manual	github:KrishnaTO
ARI	0001050	Autoimmune urticaria and/or angioedema	skos:exactMatch	omop	4221673	manual	github:KrishnaTO
ARI	0001051	Autoimmune vasculitis	skos:exactMatch	SNOMEDCT	427213005	manual	github:KrishnaTO
ARI	0001051	Autoimmune vasculitis	skos:exactMatch	omop	4146124	manual	github:KrishnaTO
ARI	0001051	Autoimmune vasculitis	skos:exactMatch	DOID	0040097	manual	github:KrishnaTO
ARI	0001051	Autoimmune vasculitis	skos:exactMatch	umls	C1328843	manual	github:KrishnaTO
ARI	0001036	Autoimmune-Inflammatory Syndrome Induced by Adjuvants	skos:exactMatch	omop	1331726	manual	github:KrishnaTO
ARI	0001052	Balo concentric sclerosis	skos:exactMatch	SNOMEDCT	230380005	manual	github:KrishnaTO
ARI	0001052	Balo concentric sclerosis	skos:exactMatch	omop	4046110	manual	github:KrishnaTO
ARI	0001052	Balo concentric sclerosis	skos:exactMatch	DOID	0060215	manual	github:KrishnaTO
ARI	0001052	Balo concentric sclerosis	skos:exactMatch	mesh	D002549	manual	github:KrishnaTO
ARI	0001048	Autoimmune thyroiditis	skos:exactMatch	SNOMEDCT	21983002	manual-negative	github:KrishnaTO
ARI	0001048	Autoimmune thyroiditis	skos:exactMatch	omop	4130018	manual-negative	github:KrishnaTO
ARI	0001048	Autoimmune thyroiditis	skos:exactMatch	omop	4034815	manual-negative	github:KrishnaTO
ARI	0001048	Autoimmune thyroiditis	skos:exactMatch	omop	135215	manual-negative	github:KrishnaTO
ARI	0001049	Autoimmune urticaria	skos:exactMatch	DOID	0080747	manual-negative	github:KrishnaTO
ARI	0001049	Autoimmune urticaria	skos:exactMatch	mesh	D000080223	manual-negative	github:KrishnaTO
ARI	0001053	Behçet's syndrome	skos:exactMatch	SNOMEDCT	310701003	manual	github:KrishnaTO
ARI	0001053	Behçet's syndrome	skos:exactMatch	omop	436642	manual	github:KrishnaTO
ARI	0001053	Behçet's syndrome	skos:exactMatch	DOID	13241	manual	github:KrishnaTO
ARI	0001053	Behçet's syndrome	skos:exactMatch	ncit	C34416	manual	github:KrishnaTO
ARI	0001053	Behçet's syndrome	skos:exactMatch	icd10cm	M35.2	manual	github:KrishnaTO
ARI	0001053	Behçet's syndrome	skos:exactMatch	umls	C0004943	manual	github:KrishnaTO
ARI	0001053	Behçet's syndrome	skos:exactMatch	mesh	D001528	manual	github:KrishnaTO
ARI	0001054	Benign mucous membrane pemphigoid	skos:exactMatch	SNOMEDCT	34250006	manual	github:KrishnaTO
ARI	0001054	Benign mucous membrane pemphigoid	skos:exactMatch	omop	4142060	manual	github:KrishnaTO
ARI	0001054	Benign mucous membrane pemphigoid	skos:exactMatch	DOID	11656	manual	github:KrishnaTO
ARI	0001054	Benign mucous membrane pemphigoid	skos:exactMatch	ncit	C34907	manual	github:KrishnaTO
ARI	0001054	Benign mucous membrane pemphigoid	skos:exactMatch	icd10cm	L12.1	manual	github:KrishnaTO
ARI	0001054	Benign mucous membrane pemphigoid	skos:exactMatch	umls	C0030804	manual	github:KrishnaTO
ARI	0001054	Benign mucous membrane pemphigoid	skos:exactMatch	mesh	D010390	manual	github:KrishnaTO
ARI	0001055	Bickerstaff's brainstem encephalitis	skos:exactMatch	SNOMEDCT	427086003	manual	github:KrishnaTO
ARI	0001055	Bickerstaff's brainstem encephalitis	skos:exactMatch	omop	4141686	manual	github:KrishnaTO
ARI	0001053	Behçet's syndrome	skos:exactMatch	SNOMEDCT	721226005	manual-negative	github:KrishnaTO
ARI	0001053	Behçet's syndrome	skos:exactMatch	omop	36715522	manual-negative	github:KrishnaTO
ARI	0001054	Benign mucous membrane pemphigoid	skos:exactMatch	SNOMEDCT	314757003	manual-negative	github:KrishnaTO
ARI	0001054	Benign mucous membrane pemphigoid	skos:exactMatch	omop	4152707	manual-negative	github:KrishnaTO
ARI	0001064	Chronic interstitial cystitis	skos:exactMatch	DOID	1678	manual	github:KrishnaTO
ARI	0001064	Chronic interstitial cystitis	skos:exactMatch	icd10cm	N30.1	manual	github:KrishnaTO
ARI	0001064	Chronic interstitial cystitis	skos:exactMatch	umls	C0600040	manual	github:KrishnaTO
ARI	0001064	Chronic interstitial cystitis	skos:exactMatch	mesh	D018856	manual	github:KrishnaTO
ARI	0001066	Chronic multifocal osteomyelitis	skos:exactMatch	DOID	0060645	manual	github:KrishnaTO
ARI	0001066	Chronic multifocal osteomyelitis	skos:exactMatch	icd10cm	M86.3	manual	github:KrishnaTO
ARI	0001066	Chronic multifocal osteomyelitis	skos:exactMatch	mesh	C535456	manual	github:KrishnaTO
ARI	0001002	Acquired hemophilia	skos:exactMatch	ORPHA	73274	manual-negative	github:KrishnaTO
ARI	0001004	Acute febrile mucocutaneous lymph node syndrome	skos:exactMatch	ORPHA	2331	manual-negative	github:KrishnaTO
ARI	0001010	Alopecia areata	skos:exactMatch	ncit	C50575	manual-negative	github:KrishnaTO
ARI	0001004	Acute febrile mucocutaneous lymph node syndrome	skos:exactMatch	OMIM	611775	manual-negative	github:KrishnaTO
ARI	0001017	Antineutrophil cytoplasmic antibody positive vasculitis	skos:exactMatch	DOID	3049	manual-negative	github:KrishnaTO
ARI	0001092	Fasciitis with eosinophilia syndrome	skos:exactMatch	icd10cm	M35.4	manual	github:Jennyzeng25
ARI	0001092	Fasciitis with eosinophilia syndrome	skos:exactMatch	SNOMEDCT	24129002	manual	github:Jennyzeng25
ARI	0001092	Fasciitis with eosinophilia syndrome	skos:exactMatch	omop	4083100	manual	github:Jennyzeng25
ARI	0001092	Fasciitis with eosinophilia syndrome	skos:exactMatch	MONDO	0009175	manual	github:Jennyzeng25
ARI	0001092	Fasciitis with eosinophilia syndrome	skos:exactMatch	ncit	C112116	manual	github:Jennyzeng25
ARI	0001092	Fasciitis with eosinophilia syndrome	skos:exactMatch	ORPHA	3165	manual	github:Jennyzeng25
ARI	0001092	Fasciitis with eosinophilia syndrome	skos:exactMatch	OMIM	226350	manual	github:Jennyzeng25
ARI	0001092	Fasciitis with eosinophilia syndrome	skos:exactMatch	umls	C0264005	manual	github:Jennyzeng25
ARI	0001092	Fasciitis with eosinophilia syndrome	skos:exactMatch	mesh	C562487	manual	github:Jennyzeng25
ARI	0001102	Idiopathic membranous glomerulonephritis	skos:exactMatch	SNOMEDCT	722119002	manual	github:AnjaliRH
ARI	0001102	Idiopathic membranous glomerulonephritis	skos:exactMatch	omop	36716199	manual	github:AnjaliRH
ARI	0001102	Idiopathic membranous glomerulonephritis	skos:exactMatch	MONDO	0013860	manual	github:AnjaliRH
ARI	0001102	Idiopathic membranous glomerulonephritis	skos:exactMatch	ncit	C123060	manual	github:AnjaliRH
ARI	0001102	Idiopathic membranous glomerulonephritis	skos:exactMatch	ORPHA	97560	manual	github:AnjaliRH
ARI	0001102	Idiopathic membranous glomerulonephritis	skos:exactMatch	mesh	D015433	manual	github:AnjaliRH
ARI	0001103	Idiopathic pulmonary fibrosis	skos:exactMatch	mesh	D054990	manual	github:AnjaliRH
ARI	0001103	Idiopathic pulmonary fibrosis	skos:exactMatch	ORPHA	2032	manual	github:AnjaliRH
ARI	0001103	Idiopathic pulmonary fibrosis	skos:exactMatch	icd10cm	J84.112	manual	github:AnjaliRH
ARI	0001103	Idiopathic pulmonary fibrosis	skos:exactMatch	ncit	C35716	manual	github:AnjaliRH
ARI	0001103	Idiopathic pulmonary fibrosis	skos:exactMatch	MONDO	0800504	manual	github:AnjaliRH
ARI	0001103	Idiopathic pulmonary fibrosis	skos:exactMatch	DOID	0050156	manual	github:AnjaliRH
ARI	0001103	Idiopathic pulmonary fibrosis	skos:exactMatch	omop	45763750	manual	github:AnjaliRH
ARI	0001103	Idiopathic pulmonary fibrosis	skos:exactMatch	SNOMEDCT	700250006	manual	github:AnjaliRH
ARI	0001104	IgA nephropathy	skos:exactMatch	SNOMEDCT	236407003	manual	github:AnjaliRH
ARI	0001104	IgA nephropathy	skos:exactMatch	omop	4128061	manual	github:AnjaliRH
ARI	0001104	IgA nephropathy	skos:exactMatch	DOID	2986	manual	github:AnjaliRH
ARI	0001104	IgA nephropathy	skos:exactMatch	MONDO	0005342	manual	github:AnjaliRH
ARI	0001104	IgA nephropathy	skos:exactMatch	ncit	C34643	manual	github:AnjaliRH
ARI	0001104	IgA nephropathy	skos:exactMatch	ORPHA	34145	manual	github:AnjaliRH
ARI	0001104	IgA nephropathy	skos:exactMatch	mesh	D005922	manual	github:AnjaliRH
ARI	0001102	Idiopathic membranous glomerulonephritis	skos:exactMatch	OMIM	614692	manual-negative	github:AnjaliRH
ARI	0001103	Idiopathic pulmonary fibrosis	skos:exactMatch	OMIM	178500	manual-negative	github:AnjaliRH
ARI	0001093	Felty syndrome	skos:exactMatch	SNOMEDCT	57160007	manual	github:Jennyzeng25
ARI	0001093	Felty syndrome	skos:exactMatch	omop	81097	manual	github:Jennyzeng25
ARI	0001093	Felty syndrome	skos:exactMatch	DOID	11042	manual	github:Jennyzeng25
ARI	0001093	Felty syndrome	skos:exactMatch	MONDO	0007603	manual	github:Jennyzeng25
ARI	0001093	Felty syndrome	skos:exactMatch	ncit	C84712	manual	github:Jennyzeng25
ARI	0001093	Felty syndrome	skos:exactMatch	ORPHA	47612	manual	github:Jennyzeng25
ARI	0001093	Felty syndrome	skos:exactMatch	mesh	D005258	manual	github:Jennyzeng25
ARI	0001093	Felty syndrome	skos:exactMatch	icd10cm	M05.0	manual-negative	github:Jennyzeng25
ARI	0001093	Felty syndrome	skos:exactMatch	OMIM	134750	manual-negative	github:Jennyzeng25
ARI	0001093	Felty syndrome	skos:exactMatch	umls	C0015773	manual-negative	github:Jennyzeng25
ARI	0001059	Calcinosis due to childhood type dermatomyositis	skos:exactMatch	SNOMEDCT	838312001	manual	github:KrishnaTO
ARI	0001059	Calcinosis due to childhood type dermatomyositis	skos:exactMatch	omop	3654620	manual	github:KrishnaTO
ARI	0001060	Cataplexy and narcolepsy	skos:exactMatch	SNOMEDCT	193042000	manual	github:KrishnaTO
ARI	0001060	Cataplexy and narcolepsy	skos:exactMatch	omop	437854	manual	github:KrishnaTO
ARI	0001060	Cataplexy and narcolepsy	skos:exactMatch	MONDO	0016158	manual	github:KrishnaTO
ARI	0001060	Cataplexy and narcolepsy	skos:exactMatch	icd10cm	G47.411	manual	github:KrishnaTO
ARI	0001060	Cataplexy and narcolepsy	skos:exactMatch	ORPHA	2073	manual	github:KrishnaTO
ARI	0001060	Cataplexy and narcolepsy	skos:exactMatch	umls	C0751362	manual	github:KrishnaTO
ARI	0001061	Celiac disease	skos:exactMatch	SNOMEDCT	396331005	manual	github:KrishnaTO
ARI	0001061	Celiac disease	skos:exactMatch	omop	194992	manual	github:KrishnaTO
ARI	0001061	Celiac disease	skos:exactMatch	DOID	10608	manual	github:KrishnaTO
ARI	0001061	Celiac disease	skos:exactMatch	MONDO	0005130	manual	github:KrishnaTO
ARI	0001061	Celiac disease	skos:exactMatch	ncit	C26714	manual	github:KrishnaTO
ARI	0001061	Celiac disease	skos:exactMatch	icd10cm	K90.0	manual	github:KrishnaTO
ARI	0001061	Celiac disease	skos:exactMatch	ORPHA	555	manual	github:KrishnaTO
ARI	0001061	Celiac disease	skos:exactMatch	umls	C0007570	manual	github:KrishnaTO
ARI	0001061	Celiac disease	skos:exactMatch	mesh	D002446	manual	github:KrishnaTO
ARI	0001060	Cataplexy and narcolepsy	skos:exactMatch	SNOMEDCT	735676003	manual-negative	github:KrishnaTO
ARI	0001060	Cataplexy and narcolepsy	skos:exactMatch	omop	42536721	manual-negative	github:KrishnaTO
ARI	0001061	Celiac disease	skos:exactMatch	SNOMEDCT	91867008	manual-negative	github:KrishnaTO
ARI	0001061	Celiac disease	skos:exactMatch	omop	4241413	manual-negative	github:KrishnaTO
ARI	0001062	Chronic Fatigue Syndrome	skos:exactMatch	SNOMEDCT	52702003	manual	github:KrishnaTO
ARI	0001062	Chronic Fatigue Syndrome	skos:exactMatch	omop	432738	manual	github:KrishnaTO
ARI	0001062	Chronic Fatigue Syndrome	skos:exactMatch	DOID	8544	manual	github:KrishnaTO
ARI	0001062	Chronic Fatigue Syndrome	skos:exactMatch	MONDO	0005404	manual	github:KrishnaTO
ARI	0001062	Chronic Fatigue Syndrome	skos:exactMatch	ncit	C3037	manual	github:KrishnaTO
ARI	0001062	Chronic Fatigue Syndrome	skos:exactMatch	icd10cm	G93.32	manual	github:KrishnaTO
ARI	0001062	Chronic Fatigue Syndrome	skos:exactMatch	ORPHA	1983	manual	github:KrishnaTO
ARI	0001062	Chronic Fatigue Syndrome	skos:exactMatch	umls	C0015674	manual	github:KrishnaTO
ARI	0001062	Chronic Fatigue Syndrome	skos:exactMatch	mesh	D015673	manual	github:KrishnaTO
ARI	0001065	Chronic Lyme disease	skos:exactMatch	DOID	11729	manual-negative	github:KrishnaTO
ARI	0001065	Chronic Lyme disease	skos:exactMatch	icd10cm	A69.2	manual-negative	github:KrishnaTO
ARI	0001065	Chronic Lyme disease	skos:exactMatch	SNOMEDCT	1269516003	manual-negative	github:KrishnaTO
ARI	0001063	Chronic inflammatory demyelinating polyradiculoneuropathy	skos:exactMatch	SNOMEDCT	128209004	manual	github:KrishnaTO
ARI	0001063	Chronic inflammatory demyelinating polyradiculoneuropathy	skos:exactMatch	omop	381009	manual	github:KrishnaTO
ARI	0001063	Chronic inflammatory demyelinating polyradiculoneuropathy	skos:exactMatch	DOID	5213	manual	github:KrishnaTO
ARI	0001063	Chronic inflammatory demyelinating polyradiculoneuropathy	skos:exactMatch	MONDO	0006702	manual	github:KrishnaTO
ARI	0001063	Chronic inflammatory demyelinating polyradiculoneuropathy	skos:exactMatch	ncit	C84636	manual	github:KrishnaTO
ARI	0001063	Chronic inflammatory demyelinating polyradiculoneuropathy	skos:exactMatch	icd10cm	G61.81	manual	github:KrishnaTO
ARI	0001063	Chronic inflammatory demyelinating polyradiculoneuropathy	skos:exactMatch	ORPHA	2932	manual	github:KrishnaTO
ARI	0001063	Chronic inflammatory demyelinating polyradiculoneuropathy	skos:exactMatch	umls	C0393819	manual	github:KrishnaTO
ARI	0001063	Chronic inflammatory demyelinating polyradiculoneuropathy	skos:exactMatch	mesh	D020277	manual	github:KrishnaTO
ARI	0001064	Chronic interstitial cystitis	skos:exactMatch	SNOMEDCT	38731000087104	manual	github:KrishnaTO
ARI	0001064	Chronic interstitial cystitis	skos:exactMatch	omop	1450471	manual	github:KrishnaTO
ARI	0001064	Chronic interstitial cystitis	skos:exactMatch	MONDO	0018301	manual	github:KrishnaTO
ARI	0001064	Chronic interstitial cystitis	skos:exactMatch	ncit	C27189	manual	github:KrishnaTO
ARI	0001064	Chronic interstitial cystitis	skos:exactMatch	ORPHA	37202	manual	github:KrishnaTO
ARI	0001066	Chronic multifocal osteomyelitis	skos:exactMatch	SNOMEDCT	1204420006	manual	github:KrishnaTO
ARI	0001066	Chronic multifocal osteomyelitis	skos:exactMatch	omop	37163124	manual	github:KrishnaTO
ARI	0001066	Chronic multifocal osteomyelitis	skos:exactMatch	MONDO	0009813	manual	github:KrishnaTO
ARI	0001066	Chronic multifocal osteomyelitis	skos:exactMatch	ncit	C119042	manual	github:KrishnaTO
ARI	0001066	Chronic multifocal osteomyelitis	skos:exactMatch	ORPHA	324964	manual	github:KrishnaTO
ARI	0001066	Chronic multifocal osteomyelitis	skos:exactMatch	umls	C0410422	manual	github:KrishnaTO
ARI	0001067	Chronic post-COVID-19 syndrome	skos:exactMatch	SNOMEDCT	1119304009	manual	github:KrishnaTO
ARI	0001067	Chronic post-COVID-19 syndrome	skos:exactMatch	omop	600589	manual	github:KrishnaTO
ARI	0001067	Chronic post-COVID-19 syndrome	skos:exactMatch	DOID	0080848	manual	github:KrishnaTO
ARI	0001067	Chronic post-COVID-19 syndrome	skos:exactMatch	MONDO	0100233	manual	github:KrishnaTO
ARI	0001067	Chronic post-COVID-19 syndrome	skos:exactMatch	ncit	C179263	manual	github:KrishnaTO
ARI	0001067	Chronic post-COVID-19 syndrome	skos:exactMatch	umls	C5433293	manual	github:KrishnaTO
ARI	0001067	Chronic post-COVID-19 syndrome	skos:exactMatch	mesh	D000094024	manual	github:KrishnaTO
ARI	0001068	Cogan's syndrome	skos:exactMatch	SNOMEDCT	405810005	manual	github:KrishnaTO
ARI	0001068	Cogan's syndrome	skos:exactMatch	omop	4233620	manual	github:KrishnaTO
ARI	0001068	Cogan's syndrome	skos:exactMatch	icd10cm	H16.32	manual	github:KrishnaTO
ARI	0001068	Cogan's syndrome	skos:exactMatch	ORPHA	1467	manual	github:KrishnaTO
ARI	0001068	Cogan's syndrome	skos:exactMatch	mesh	D055952	manual	github:KrishnaTO
ARI	0001063	Chronic inflammatory demyelinating polyradiculoneuropathy	skos:exactMatch	SNOMEDCT	230564004	manual-negative	github:KrishnaTO
ARI	0001063	Chronic inflammatory demyelinating polyradiculoneuropathy	skos:exactMatch	omop	4048024	manual-negative	github:KrishnaTO
ARI	0001066	Chronic multifocal osteomyelitis	skos:exactMatch	OMIM	609628	manual-negative	github:KrishnaTO
ARI	0001068	Cogan's syndrome	skos:exactMatch	umls	C0155089	manual-negative	github:KrishnaTO
ARI	0001069	Cold agglutinin disease	skos:exactMatch	SNOMEDCT	398937006	manual	github:KrishnaTO
ARI	0001069	Cold agglutinin disease	skos:exactMatch	omop	4160887	manual	github:KrishnaTO
ARI	0001069	Cold agglutinin disease	skos:exactMatch	MONDO	0018922	manual	github:KrishnaTO
ARI	0001069	Cold agglutinin disease	skos:exactMatch	ncit	C208228	manual	github:KrishnaTO
ARI	0001069	Cold agglutinin disease	skos:exactMatch	icd10cm	D59.12	manual	github:KrishnaTO
ARI	0001069	Cold agglutinin disease	skos:exactMatch	ORPHA	56425	manual	github:KrishnaTO
ARI	0001069	Cold agglutinin disease	skos:exactMatch	umls	C0175816	manual	github:KrishnaTO
ARI	0001070	Combined immunodeficiency due to LRBA deficiency	skos:exactMatch	SNOMEDCT	1197477000	manual	github:KrishnaTO
ARI	0001070	Combined immunodeficiency due to LRBA deficiency	skos:exactMatch	omop	37162777	manual	github:KrishnaTO
ARI	0001070	Combined immunodeficiency due to LRBA deficiency	skos:exactMatch	DOID	0081151	manual	github:KrishnaTO
ARI	0001070	Combined immunodeficiency due to LRBA deficiency	skos:exactMatch	MONDO	0013863	manual	github:KrishnaTO
ARI	0001070	Combined immunodeficiency due to LRBA deficiency	skos:exactMatch	ORPHA	445018	manual	github:KrishnaTO
ARI	0001070	Combined immunodeficiency due to LRBA deficiency	skos:exactMatch	OMIM	614700	manual	github:KrishnaTO
ARI	0001070	Combined immunodeficiency due to LRBA deficiency	skos:exactMatch	umls	C3553512	manual	github:KrishnaTO
ARI	0001071	Complex regional pain syndrome	skos:exactMatch	SNOMEDCT	128200000	manual	github:KrishnaTO
ARI	0001071	Complex regional pain syndrome	skos:exactMatch	omop	4134577	manual	github:KrishnaTO
ARI	0001071	Complex regional pain syndrome	skos:exactMatch	DOID	3223	manual	github:KrishnaTO
ARI	0001071	Complex regional pain syndrome	skos:exactMatch	MONDO	0019369	manual	github:KrishnaTO
ARI	0001071	Complex regional pain syndrome	skos:exactMatch	ncit	C206547	manual	github:KrishnaTO
ARI	0001071	Complex regional pain syndrome	skos:exactMatch	ORPHA	83452	manual	github:KrishnaTO
ARI	0001071	Complex regional pain syndrome	skos:exactMatch	umls	C0458219	manual	github:KrishnaTO
ARI	0001071	Complex regional pain syndrome	skos:exactMatch	mesh	D020918	manual	github:KrishnaTO
ARI	0001069	Cold agglutinin disease	skos:exactMatch	SNOMEDCT	127055007	manual-negative	github:KrishnaTO
ARI	0001069	Cold agglutinin disease	skos:exactMatch	omop	4131128	manual-negative	github:KrishnaTO
ARI	0001071	Complex regional pain syndrome	skos:exactMatch	SNOMEDCT	408751001	manual-negative	github:KrishnaTO
ARI	0001071	Complex regional pain syndrome	skos:exactMatch	SNOMEDCT	734947007	manual-negative	github:KrishnaTO
ARI	0001071	Complex regional pain syndrome	skos:exactMatch	omop	42536233	manual-negative	github:KrishnaTO
ARI	0001071	Complex regional pain syndrome	skos:exactMatch	omop	4256912	manual-negative	github:KrishnaTO
ARI	0001072	COPA syndrome	skos:exactMatch	DOID	0081242	manual	github:KrishnaTO
ARI	0001072	COPA syndrome	skos:exactMatch	OMIM	616414	manual-negative	github:KrishnaTO
ARI	0001212	CREST Syndrome	skos:exactMatch	SNOMEDCT	62382002	manual-negative	github:KrishnaTO
ARI	0001095	Fibromyalgia	skos:exactMatch	SNOMEDCT	203082005	manual	github:Jennyzeng25
ARI	0001095	Fibromyalgia	skos:exactMatch	omop	40405599	manual	github:Jennyzeng25
ARI	0001095	Fibromyalgia	skos:exactMatch	DOID	631	manual	github:Jennyzeng25
ARI	0001095	Fibromyalgia	skos:exactMatch	MONDO	0005546	manual	github:Jennyzeng25
ARI	0001095	Fibromyalgia	skos:exactMatch	ncit	C87497	manual	github:Jennyzeng25
ARI	0001095	Fibromyalgia	skos:exactMatch	icd10cm	M79.7	manual	github:Jennyzeng25
ARI	0001095	Fibromyalgia	skos:exactMatch	mesh	D005356	manual	github:Jennyzeng25
ARI	0001215	Fulminant type 1 diabetes	skos:exactMatch	omop	37163452	manual	github:Jennyzeng25
ARI	0001096	Graves' disease	skos:exactMatch	DOID	12361	manual	github:Jennyzeng25
ARI	0001096	Graves' disease	skos:exactMatch	MONDO	0005364	manual	github:Jennyzeng25
ARI	0001096	Graves' disease	skos:exactMatch	ncit	C3071	manual	github:Jennyzeng25
ARI	0001096	Graves' disease	skos:exactMatch	icd10cm	E05.0	manual	github:Jennyzeng25
ARI	0001096	Graves' disease	skos:exactMatch	OMIM	275000	manual	github:Jennyzeng25
ARI	0001095	Fibromyalgia	skos:exactMatch	ORPHA	41842	manual	github:Jennyzeng25
ARI	0001096	Graves' disease	skos:exactMatch	mesh	D006111	manual	github:Jennyzeng25
ARI	0001215	Fulminant type 1 diabetes	skos:exactMatch	SNOMEDCT	1217068008	manual-negative	github:Jennyzeng25
ARI	0001215	Fulminant type 1 diabetes	skos:exactMatch	MONDO	0014523	manual-negative	github:Jennyzeng25
ARI	0001215	Fulminant type 1 diabetes	skos:exactMatch	icd10cm	E10	manual-negative	github:Jennyzeng25
ARI	0001106	Immune Dysregulation, Polyendocrinopathy, Enteropathy, X-Linked Syndrome	skos:exactMatch	omop	28660	manual	github:AnjaliRH
ARI	0001106	Immune Dysregulation, Polyendocrinopathy, Enteropathy, X-Linked Syndrome	skos:exactMatch	DOID	0090110	manual	github:AnjaliRH
ARI	0001108	Immunoglobulin A vasculitis	skos:exactMatch	SNOMEDCT	191306005	manual	github:AnjaliRH
ARI	0001110	Immunoglobulin G4 related ophthalmic disease	skos:exactMatch	SNOMEDCT	1187510006	manual	github:AnjaliRH
ARI	0001111	Inclusion body myositis	skos:exactMatch	SNOMEDCT	72315009	manual	github:AnjaliRH
ARI	0001112	Inflammatory Bowel Disease	skos:exactMatch	SNOMEDCT	24526004	manual	github:AnjaliRH
ARI	0001113	Insulin autoimmune syndrome	skos:exactMatch	SNOMEDCT	408539000	manual	github:AnjaliRH
ARI	0001114	Insulin resistance - type B	skos:exactMatch	SNOMEDCT	237652003	manual	github:AnjaliRH
ARI	0001116	Interstitial lung disease	skos:exactMatch	SNOMEDCT	233703007	manual	github:AnjaliRH
ARI	0001108	Immunoglobulin A vasculitis	skos:exactMatch	omop	4101602	manual	github:AnjaliRH
ARI	0001110	Immunoglobulin G4 related ophthalmic disease	skos:exactMatch	omop	37162346	manual	github:AnjaliRH
ARI	0001111	Inclusion body myositis	skos:exactMatch	omop	4216406	manual	github:AnjaliRH
ARI	0001112	Inflammatory Bowel Disease	skos:exactMatch	omop	4074815	manual	github:AnjaliRH
ARI	0001113	Insulin autoimmune syndrome	skos:exactMatch	omop	4252384	manual	github:AnjaliRH
ARI	0001114	Insulin resistance - type B	skos:exactMatch	omop	4129525	manual	github:AnjaliRH
ARI	0001116	Interstitial lung disease	skos:exactMatch	omop	4119786	manual	github:AnjaliRH
ARI	0001108	Immunoglobulin A vasculitis	skos:exactMatch	DOID	11123	manual	github:AnjaliRH
ARI	0001111	Inclusion body myositis	skos:exactMatch	DOID	3429	manual	github:AnjaliRH
ARI	0001112	Inflammatory Bowel Disease	skos:exactMatch	DOID	0050589	manual	github:AnjaliRH
ARI	0001113	Insulin autoimmune syndrome	skos:exactMatch	DOID	0040100	manual	github:AnjaliRH
ARI	0001115	Intermediate uveitis	skos:exactMatch	DOID	12732	manual	github:AnjaliRH
ARI	0001116	Interstitial lung disease	skos:exactMatch	DOID	3082	manual	github:AnjaliRH
ARI	0001116	Interstitial lung disease	skos:exactMatch	ncit	C164315	manual	github:AnjaliRH
ARI	0001115	Intermediate uveitis	skos:exactMatch	ncit	C35110	manual	github:AnjaliRH
ARI	0001111	Inclusion body myositis	skos:exactMatch	mesh	D018979	manual	github:AnjaliRH
ARI	0001112	Inflammatory Bowel Disease	skos:exactMatch	mesh	D015212	manual	github:AnjaliRH
ARI	0001115	Intermediate uveitis	skos:exactMatch	mesh	D015867	manual	github:AnjaliRH
ARI	0001116	Interstitial lung disease	skos:exactMatch	mesh	D017563	manual	github:AnjaliRH
ARI	0001106	Immune Dysregulation, Polyendocrinopathy, Enteropathy, X-Linked Syndrome	skos:exactMatch	SNOMEDCT	237618001	manual-negative	github:AnjaliRH
ARI	0001106	Immune Dysregulation, Polyendocrinopathy, Enteropathy, X-Linked Syndrome	skos:exactMatch	icd10cm	E31.0	manual-negative	github:AnjaliRH
ARI	0001107	Immune thrombocytopenia	skos:exactMatch	DOID	8924	manual-negative	github:AnjaliRH
ARI	0001109	Immunoglobulin G4 related disease	skos:exactMatch	DOID	0080356	manual-negative	github:AnjaliRH
ARI	0001107	Immune thrombocytopenia	skos:exactMatch	icd10cm	D69.3	manual-negative	github:AnjaliRH
ARI	0001116	Interstitial lung disease	skos:exactMatch	icd10cm	J84.9	manual	github:AnjaliRH
ARI	0001111	Inclusion body myositis	skos:exactMatch	icd10cm	G72.41	manual	github:AnjaliRH
ARI	0001103	Idiopathic pulmonary fibrosis	skos:exactMatch	umls	C1800706	manual	github:AnjaliRH
ARI	0001107	Immune thrombocytopenia	skos:exactMatch	umls	C0242584	manual	github:AnjaliRH
ARI	0001104	IgA nephropathy	skos:exactMatch	umls	C0017661	manual	github:AnjaliRH
ARI	0001108	Immunoglobulin A vasculitis	skos:exactMatch	umls	C0034152	manual	github:AnjaliRH
ARI	0001111	Inclusion body myositis	skos:exactMatch	umls	C0238190	manual	github:AnjaliRH
ARI	0001112	Inflammatory Bowel Disease	skos:exactMatch	umls	C0021390	manual	github:AnjaliRH
ARI	0001113	Insulin autoimmune syndrome	skos:exactMatch	umls	C0854359	manual	github:AnjaliRH
ARI	0001115	Intermediate uveitis	skos:exactMatch	umls	C0042166	manual	github:AnjaliRH
ARI	0001116	Interstitial lung disease	skos:exactMatch	umls	C0206062	manual	github:AnjaliRH
ARI	0001073	Crohn's disease	skos:exactMatch	SNOMEDCT	34000006	manual	github:KrishnaTO
ARI	0001073	Crohn's disease	skos:exactMatch	MONDO	0005011	manual	github:KrishnaTO
ARI	0001073	Crohn's disease	skos:exactMatch	DOID	8778	manual	github:KrishnaTO
ARI	0001071	Complex regional pain syndrome	skos:exactMatch	OMIM	604335	manual	github:KrishnaTO
ARI	0001073	Crohn's disease	skos:exactMatch	omop	201606	manual	github:KrishnaTO
ARI	0001073	Crohn's disease	skos:exactMatch	ncit	C2965	manual	github:KrishnaTO
ARI	0001073	Crohn's disease	skos:exactMatch	icd10cm	K50	manual	github:KrishnaTO
ARI	0001073	Crohn's disease	skos:exactMatch	ORPHA	206	manual	github:KrishnaTO
ARI	0001073	Crohn's disease	skos:exactMatch	mesh	D003424	manual	github:KrishnaTO
ARI	0001074	Cryptogenic organizing pneumonia	skos:exactMatch	SNOMEDCT	719218000	manual	github:KrishnaTO
ARI	0001074	Cryptogenic organizing pneumonia	skos:exactMatch	omop	36714118	manual	github:KrishnaTO
ARI	0001074	Cryptogenic organizing pneumonia	skos:exactMatch	DOID	2797	manual	github:KrishnaTO
ARI	0001074	Cryptogenic organizing pneumonia	skos:exactMatch	MONDO	0015264	manual	github:KrishnaTO
ARI	0001074	Cryptogenic organizing pneumonia	skos:exactMatch	ORPHA	1302	manual	github:KrishnaTO
ARI	0001076	Cutaneous lupus erythematosus	skos:exactMatch	DOID	0050169	manual	github:KrishnaTO
ARI	0001076	Cutaneous lupus erythematosus	skos:exactMatch	MONDO	0005282	manual	github:KrishnaTO
ARI	0001076	Cutaneous lupus erythematosus	skos:exactMatch	ncit	C26819	manual	github:KrishnaTO
ARI	0001076	Cutaneous lupus erythematosus	skos:exactMatch	umls	C0024137	manual	github:KrishnaTO
ARI	0001076	Cutaneous lupus erythematosus	skos:exactMatch	mesh	D008178	manual	github:KrishnaTO
ARI	0001074	Cryptogenic organizing pneumonia	skos:exactMatch	OMIM	NoTermFound	manual-absent	github:KrishnaTO
ARI	0001076	Cutaneous lupus erythematosus	skos:exactMatch	OMIM	NoTermFound	manual-absent	github:KrishnaTO
ARI	0001060	Cataplexy and narcolepsy	skos:exactMatch	ncit	C196015	manual	github:KrishnaTO
ARI	0001060	Cataplexy and narcolepsy	skos:exactMatch	mesh	D009290	manual	github:KrishnaTO
ARI	0001060	Cataplexy and narcolepsy	skos:exactMatch	OMIM	161400	manual	github:KrishnaTO
ARI	0001060	Cataplexy and narcolepsy	skos:exactMatch	DOID	8986	manual-negative	github:KrishnaTO
ARI	0001071	Complex regional pain syndrome	skos:exactMatch	icd10cm	M89.0	manual	github:KrishnaTO
ARI	0001065	Chronic Lyme disease	skos:exactMatch	MONDO	0700280	manual	github:KrishnaTO
ARI	0001065	Chronic Lyme disease	skos:exactMatch	ncit	C119039	manual	github:KrishnaTO
ARI	0001065	Chronic Lyme disease	skos:exactMatch	umls	C3890422	manual	github:KrishnaTO
ARI	0001065	Chronic Lyme disease	skos:exactMatch	mesh	D000077342	manual	github:KrishnaTO
ARI	0001068	Cogan's syndrome	skos:exactMatch	MONDO	0015453	manual	github:KrishnaTO
ARI	0001069	Cold agglutinin disease	skos:exactMatch	mesh	D000744	manual	github:KrishnaTO
ARI	0001070	Combined immunodeficiency due to LRBA deficiency	skos:exactMatch	ncit	C176809	manual	github:KrishnaTO
ARI	0001065	Chronic Lyme disease	skos:exactMatch	ORPHA	NoTermFound	manual-absent	github:KrishnaTO
ARI	0001065	Chronic Lyme disease	skos:exactMatch	DOID	NoTermFound	manual-absent	github:KrishnaTO
ARI	0001065	Chronic Lyme disease	skos:exactMatch	SNOMEDCT	NoTermFound	manual-absent	github:KrishnaTO
ARI	0001065	Chronic Lyme disease	skos:exactMatch	icd10cm	NoTermFound	manual-absent	github:KrishnaTO
ARI	0001065	Chronic Lyme disease	skos:exactMatch	OMIM	NoTermFound	manual-absent	github:KrishnaTO
ARI	0001060	Cataplexy and narcolepsy	skos:exactMatch	DOID	NoTermFound	manual-absent	github:KrishnaTO
ARI	0001062	Chronic Fatigue Syndrome	skos:exactMatch	OMIM	NoTermFound	manual-absent	github:KrishnaTO
ARI	0001063	Chronic inflammatory demyelinating polyradiculoneuropathy	skos:exactMatch	OMIM	NoTermFound	manual-absent	github:KrishnaTO
ARI	0001064	Chronic interstitial cystitis	skos:exactMatch	OMIM	NoTermFound	manual-absent	github:KrishnaTO
ARI	0001067	Chronic post-COVID-19 syndrome	skos:exactMatch	ORPHA	NoTermFound	manual-absent	github:KrishnaTO
ARI	0001067	Chronic post-COVID-19 syndrome	skos:exactMatch	OMIM	NoTermFound	manual-absent	github:KrishnaTO
ARI	0001068	Cogan's syndrome	skos:exactMatch	ncit	NoTermFound	manual-absent	github:KrishnaTO
ARI	0001068	Cogan's syndrome	skos:exactMatch	OMIM	NoTermFound	manual-absent	github:KrishnaTO
ARI	0001069	Cold agglutinin disease	skos:exactMatch	OMIM	NoTermFound	manual-absent	github:KrishnaTO
ARI	0001070	Combined immunodeficiency due to LRBA deficiency	skos:exactMatch	icd10cm	NoTermFound	manual-absent	github:KrishnaTO
ARI	0001070	Combined immunodeficiency due to LRBA deficiency	skos:exactMatch	mesh	NoTermFound	manual-absent	github:KrishnaTO
ARI	0001068	Cogan's syndrome	skos:exactMatch	umls	C0271270	manual	github:KrishnaTO
ARI	0001068	Cogan's syndrome	skos:exactMatch	DOID	0060216	manual	github:KrishnaTO
ARI	0001069	Cold agglutinin disease	skos:exactMatch	DOID	NoTermFound	manual-absent	github:KrishnaTO
ARI	0001066	Chronic multifocal osteomyelitis	skos:exactMatch	OMIM	NoTermFound	manual-absent	github:KrishnaTO
ARI	0001021	Aplastic anemia	skos:exactMatch	SNOMEDCT	306058006	manual	github:KrishnaTO
ARI	0001021	Aplastic anemia	skos:exactMatch	omop	137829	manual	github:KrishnaTO
ARI	0001021	Aplastic anemia	skos:exactMatch	DOID	12449	manual	github:KrishnaTO
ARI	0001021	Aplastic anemia	skos:exactMatch	MONDO	0015909	manual	github:KrishnaTO
ARI	0001021	Aplastic anemia	skos:exactMatch	ncit	C2870	manual	github:KrishnaTO
ARI	0001021	Aplastic anemia	skos:exactMatch	icd10cm	D61.9	manual	github:KrishnaTO
ARI	0001021	Aplastic anemia	skos:exactMatch	OMIM	609135	manual	github:KrishnaTO
ARI	0001021	Aplastic anemia	skos:exactMatch	umls	C0002874	manual	github:KrishnaTO
ARI	0001021	Aplastic anemia	skos:exactMatch	mesh	D000741	manual	github:KrishnaTO
ARI	0001021	Aplastic anemia	skos:exactMatch	ORPHA	182040	manual-negative	github:KrishnaTO
ARI	0001143	Neuromyelitis optica	skos:exactMatch	SNOMEDCT	25044007	manual	github:aaronabend
ARI	0001143	Neuromyelitis optica	skos:exactMatch	omop	380995	manual	github:aaronabend
ARI	0001143	Neuromyelitis optica	skos:exactMatch	DOID	8869	manual	github:aaronabend
ARI	0001143	Neuromyelitis optica	skos:exactMatch	MONDO	0019100	manual	github:aaronabend
ARI	0001143	Neuromyelitis optica	skos:exactMatch	ncit	C84934	manual	github:aaronabend
ARI	0001143	Neuromyelitis optica	skos:exactMatch	icd10cm	G36.0	manual	github:aaronabend
ARI	0001143	Neuromyelitis optica	skos:exactMatch	ORPHA	71211	manual	github:aaronabend
ARI	0001143	Neuromyelitis optica	skos:exactMatch	mesh	D009471	manual	github:aaronabend
ARI	0001143	Neuromyelitis optica	skos:exactMatch	OMIM	NoTermFound	manual-absent	github:aaronabend
ARI	0001056	Birdshot chorioretinopathy	skos:exactMatch	ORPHA	179	manual	github:KrishnaTO
ARI	0001028	Autoimmune encephalitis	skos:exactMatch	omop	4318558	manual	github:aaronabend
ARI	0001028	Autoimmune encephalitis	skos:exactMatch	SNOMEDCT	95643007	manual	github:aaronabend
ARI	0001028	Autoimmune encephalitis	skos:exactMatch	MONDO	0020640	manual	github:aaronabend
ARI	0001019	Antisynthetase syndrome	skos:exactMatch	SNOMEDCT	445187004	manual	github:aaronabend
ARI	0001019	Antisynthetase syndrome	skos:exactMatch	omop	40482477	manual	github:aaronabend
ARI	0001019	Antisynthetase syndrome	skos:exactMatch	DOID	0080744	manual	github:aaronabend
ARI	0001135	Multiple sclerosis	skos:exactMatch	DOID	2377	manual	github:aaronabend
ARI	0001135	Multiple sclerosis	skos:exactMatch	MONDO	0005301	manual	github:aaronabend
ARI	0001135	Multiple sclerosis	skos:exactMatch	ncit	C3243	manual	github:aaronabend
ARI	0001135	Multiple sclerosis	skos:exactMatch	SNOMEDCT	128460000	manual-negative	github:aaronabend
ARI	0001135	Multiple sclerosis	skos:exactMatch	SNOMEDCT	426373005	manual-negative	github:aaronabend
ARI	0001135	Multiple sclerosis	skos:exactMatch	SNOMEDCT	428700003	manual-negative	github:aaronabend
ARI	0001135	Multiple sclerosis	skos:exactMatch	SNOMEDCT	49692006	manual-negative	github:aaronabend
ARI	0001135	Multiple sclerosis	skos:exactMatch	SNOMEDCT	24700007	manual	github:aaronabend
ARI	0001135	Multiple sclerosis	skos:exactMatch	omop	374919	manual	github:aaronabend
ARI	0001135	Multiple sclerosis	skos:exactMatch	omop	4178929	manual-negative	github:aaronabend
ARI	0001135	Multiple sclerosis	skos:exactMatch	omop	4145049	manual-negative	github:aaronabend
ARI	0001135	Multiple sclerosis	skos:exactMatch	omop	376970	manual-negative	github:aaronabend
ARI	0001135	Multiple sclerosis	skos:exactMatch	omop	4027727	manual-negative	github:aaronabend
ARI	0001028	Autoimmune encephalitis	skos:exactMatch	icd10cm	NoTermFound	manual-absent	github:aaronabend
ARI	0001098	Hemophilia B Leyden	skos:exactMatch	MONDO	0850054	manual	github:linikujp
ARI	0001098	Hemophilia B Leyden	skos:exactMatch	ORPHA	617930	manual	github:linikujp
ARI	0001090	Essential mixed cryoglobulinemia	skos:exactMatch	MONDO	0007407	manual	github:linikujp
ARI	0001090	Essential mixed cryoglobulinemia	skos:exactMatch	ORPHA	91138	manual	github:linikujp
ARI	0001019	Antisynthetase syndrome	skos:exactMatch	MONDO	0019344	manual	github:linikujp
ARI	0001019	Antisynthetase syndrome	skos:exactMatch	ORPHA	81	manual	github:linikujp
ARI	0001056	Birdshot chorioretinopathy	skos:exactMatch	omop	4334133	manual	github:KrishnaTO
ARI	0001002	Acquired hemophilia	skos:exactMatch	MONDO	0019139	manual	github:KrishnaTO
ARI	0001002	Acquired hemophilia	skos:exactMatch	ncit	C197822	manual	github:KrishnaTO
ARI	0001002	Acquired hemophilia	skos:exactMatch	icd10cm	D68.311	manual	github:KrishnaTO
ARI	0001002	Acquired hemophilia	skos:exactMatch	umls	C1096116	manual	github:KrishnaTO
ARI	0001003	Acute disseminated encephalomyelitis	skos:exactMatch	MONDO	0019383	manual	github:KrishnaTO
ARI	0001003	Acute disseminated encephalomyelitis	skos:exactMatch	icd10cm	G04.0	manual	github:KrishnaTO
ARI	0001003	Acute disseminated encephalomyelitis	skos:exactMatch	ORPHA	83597	manual	github:KrishnaTO
ARI	0001004	Acute febrile mucocutaneous lymph node syndrome	skos:exactMatch	MONDO	0012727	manual	github:KrishnaTO
ARI	0001005	Acute lichenoid pityriasis	skos:exactMatch	umls	C0162852	manual	github:KrishnaTO
ARI	0001006	Addison's disease	skos:exactMatch	ORPHA	85138	manual	github:KrishnaTO
ARI	0001008	Adult onset Still's disease	skos:exactMatch	ORPHA	829	manual	github:KrishnaTO
ARI	0001002	Acquired hemophilia	skos:exactMatch	ORPHA	NoTermFound	manual-absent	github:KrishnaTO
ARI	0001002	Acquired hemophilia	skos:exactMatch	DOID	NoTermFound	manual-absent	github:KrishnaTO
ARI	0001004	Acute febrile mucocutaneous lymph node syndrome	skos:exactMatch	ORPHA	NoTermFound	manual-absent	github:KrishnaTO
ARI	0001005	Acute lichenoid pityriasis	skos:exactMatch	DOID	NoTermFound	manual-absent	github:KrishnaTO
ARI	0001005	Acute lichenoid pityriasis	skos:exactMatch	ORPHA	NoTermFound	manual-absent	github:KrishnaTO
ARI	0001065	Chronic Lyme disease	skos:exactMatch	omop	19137845	manual	github:KrishnaTO
ARI	0001065	Chronic Lyme disease	skos:exactMatch	omop	440638	manual-negative	github:KrishnaTO
ARI	0001065	Chronic Lyme disease	skos:exactMatch	omop	4141757	manual-negative	github:KrishnaTO
ARI	0001065	Chronic Lyme disease	skos:exactMatch	SNOMEDCT	23502006	manual-negative	github:KrishnaTO
ARI	0001065	Chronic Lyme disease	skos:exactMatch	SNOMEDCT	33937009	manual-negative	github:KrishnaTO
ARI	0001106	Immune Dysregulation, Polyendocrinopathy, Enteropathy, X-Linked Syndrome	skos:exactMatch	MONDO	0010580	manual	github:AnjaliRH
ARI	0001106	Immune Dysregulation, Polyendocrinopathy, Enteropathy, X-Linked Syndrome	skos:exactMatch	OMIM	304790	manual	github:AnjaliRH
ARI	0001106	Immune Dysregulation, Polyendocrinopathy, Enteropathy, X-Linked Syndrome	skos:exactMatch	ORPHA	37042	manual	github:AnjaliRH
ARI	0001106	Immune Dysregulation, Polyendocrinopathy, Enteropathy, X-Linked Syndrome	skos:exactMatch	mesh	C580192	manual	github:AnjaliRH
ARI	0001106	Immune Dysregulation, Polyendocrinopathy, Enteropathy, X-Linked Syndrome	skos:exactMatch	ncit	C131009	manual	github:AnjaliRH
ARI	0001106	Immune Dysregulation, Polyendocrinopathy, Enteropathy, X-Linked Syndrome	skos:exactMatch	umls	C0342288	manual	github:AnjaliRH
ARI	0001107	Immune thrombocytopenia	skos:exactMatch	umls	C0398650	manual	github:AnjaliRH
ARI	0001067	Chronic post-COVID-19 syndrome	skos:exactMatch	icd10cm	U09.9	manual	github:KrishnaTO
ARI	0001073	Crohn's disease	skos:exactMatch	umls	C0156147	manual-negative	github:KrishnaTO
ARI	0001074	Cryptogenic organizing pneumonia	skos:exactMatch	ncit	C35806	manual-negative	github:KrishnaTO
ARI	0001074	Cryptogenic organizing pneumonia	skos:exactMatch	icd10cm	J84.114	manual-negative	github:KrishnaTO
ARI	0001074	Cryptogenic organizing pneumonia	skos:exactMatch	umls	C0085786	manual-negative	github:KrishnaTO
ARI	0001074	Cryptogenic organizing pneumonia	skos:exactMatch	mesh	D000080203	manual-negative	github:KrishnaTO
ARI	0001131	Mooren's ulcer	skos:exactMatch	ORPHA	519408	manual	github:KrishnaTO
ARI	0001131	Mooren's ulcer	skos:exactMatch	MONDO	0001032	manual	github:KrishnaTO
ARI	0001131	Mooren's ulcer	skos:exactMatch	DOID	10439	manual	github:KrishnaTO
ARI	0001131	Mooren's ulcer	skos:exactMatch	SNOMEDCT	22440001	manual	github:KrishnaTO
ARI	0001131	Mooren's ulcer	skos:exactMatch	icd10cm	H16.05	manual	github:KrishnaTO
ARI	0001131	Mooren's ulcer	skos:exactMatch	umls	C0155072	manual	github:KrishnaTO
ARI	0001131	Mooren's ulcer	skos:exactMatch	omop	435271	manual	github:KrishnaTO
ARI	0001144	Neuromyotonia	skos:exactMatch	SNOMEDCT	305719002	manual	github:KrishnaTO
ARI	0001144	Neuromyotonia	skos:exactMatch	MONDO	0019399	manual	github:KrishnaTO
ARI	0001144	Neuromyotonia	skos:exactMatch	ncit	C202012	manual	github:KrishnaTO
ARI	0001144	Neuromyotonia	skos:exactMatch	mesh	D020386	manual	github:KrishnaTO
ARI	0001144	Neuromyotonia	skos:exactMatch	umls	C0242287	manual	github:KrishnaTO
ARI	0001144	Neuromyotonia	skos:exactMatch	ORPHA	84142	manual	github:KrishnaTO
ARI	0001144	Neuromyotonia	skos:exactMatch	omop	4125693	manual	github:KrishnaTO
ARI	0001157	Polyglandular autoimmune syndrome type 1	skos:exactMatch	SNOMEDCT	11244009	manual	github:KrishnaTO
ARI	0001157	Polyglandular autoimmune syndrome type 1	skos:exactMatch	omop	4008545	manual	github:KrishnaTO
ARI	0001157	Polyglandular autoimmune syndrome type 1	skos:exactMatch	DOID	0050167	manual	github:KrishnaTO
ARI	0001157	Polyglandular autoimmune syndrome type 1	skos:exactMatch	MONDO	0009411	manual	github:KrishnaTO
ARI	0001157	Polyglandular autoimmune syndrome type 1	skos:exactMatch	ncit	C129727	manual	github:KrishnaTO
ARI	0001157	Polyglandular autoimmune syndrome type 1	skos:exactMatch	ORPHA	3453	manual	github:KrishnaTO
ARI	0001157	Polyglandular autoimmune syndrome type 1	skos:exactMatch	umls	C0085859	manual	github:KrishnaTO
ARI	0001158	Polyglandular autoimmune syndrome type 2	skos:exactMatch	SNOMEDCT	83728000	manual	github:KrishnaTO
ARI	0001158	Polyglandular autoimmune syndrome type 2	skos:exactMatch	omop	4308266	manual	github:KrishnaTO
ARI	0001158	Polyglandular autoimmune syndrome type 2	skos:exactMatch	MONDO	0010012	manual	github:KrishnaTO
ARI	0001158	Polyglandular autoimmune syndrome type 2	skos:exactMatch	ORPHA	3143	manual	github:KrishnaTO
ARI	0001159	Polyglandular autoimmune syndrome type 3	skos:exactMatch	SNOMEDCT	449731009	manual	github:KrishnaTO
ARI	0001159	Polyglandular autoimmune syndrome type 3	skos:exactMatch	omop	42709859	manual	github:KrishnaTO
ARI	0001159	Polyglandular autoimmune syndrome type 3	skos:exactMatch	MONDO	0016422	manual	github:KrishnaTO
ARI	0001159	Polyglandular autoimmune syndrome type 3	skos:exactMatch	ORPHA	227982	manual	github:KrishnaTO
ARI	0001159	Polyglandular autoimmune syndrome type 3	skos:exactMatch	umls	C1535942	manual	github:KrishnaTO
ARI	0001160	Polyglandular autoimmune syndrome type 4	skos:exactMatch	SNOMEDCT	449730005	manual	github:KrishnaTO
ARI	0001160	Polyglandular autoimmune syndrome type 4	skos:exactMatch	omop	42709858	manual	github:KrishnaTO
ARI	0001160	Polyglandular autoimmune syndrome type 4	skos:exactMatch	MONDO	0016423	manual	github:KrishnaTO
ARI	0001160	Polyglandular autoimmune syndrome type 4	skos:exactMatch	ORPHA	227990	manual	github:KrishnaTO
ARI	0001160	Polyglandular autoimmune syndrome type 4	skos:exactMatch	umls	C3266026	manual	github:KrishnaTO
ARI	0001144	Neuromyotonia	skos:exactMatch	omop	46272949	manual-negative	github:KrishnaTO
ARI	0001158	Polyglandular autoimmune syndrome type 2	skos:exactMatch	MONDO	0019012	manual-negative	github:KrishnaTO
ARI	0001158	Polyglandular autoimmune syndrome type 2	skos:exactMatch	ORPHA	65759	manual-negative	github:KrishnaTO
ARI	0001213	Morvan syndrome	skos:exactMatch	DOID	NoTermFound	manual-absent	github:KrishnaTO
ARI	0001213	Morvan syndrome	skos:exactMatch	ncit	NoTermFound	manual-absent	github:KrishnaTO
ARI	0001213	Morvan syndrome	skos:exactMatch	icd10cm	NoTermFound	manual-absent	github:KrishnaTO
ARI	0001144	Neuromyotonia	skos:exactMatch	icd10cm	NoTermFound	manual-absent	github:KrishnaTO
ARI	0001144	Neuromyotonia	skos:exactMatch	DOID	NoTermFound	manual-absent	github:KrishnaTO
ARI	0001157	Polyglandular autoimmune syndrome type 1	skos:exactMatch	icd10cm	NoTermFound	manual-absent	github:KrishnaTO
ARI	0001158	Polyglandular autoimmune syndrome type 2	skos:exactMatch	mesh	NoTermFound	manual-absent	github:KrishnaTO
ARI	0001159	Polyglandular autoimmune syndrome type 3	skos:exactMatch	DOID	NoTermFound	manual-absent	github:KrishnaTO
ARI	0001159	Polyglandular autoimmune syndrome type 3	skos:exactMatch	ncit	NoTermFound	manual-absent	github:KrishnaTO
ARI	0001159	Polyglandular autoimmune syndrome type 3	skos:exactMatch	icd10cm	NoTermFound	manual-absent	github:KrishnaTO
ARI	0001159	Polyglandular autoimmune syndrome type 3	skos:exactMatch	mesh	NoTermFound	manual-absent	github:KrishnaTO
ARI	0001160	Polyglandular autoimmune syndrome type 4	skos:exactMatch	DOID	NoTermFound	manual-absent	github:KrishnaTO
ARI	0001160	Polyglandular autoimmune syndrome type 4	skos:exactMatch	ncit	NoTermFound	manual-absent	github:KrishnaTO
ARI	0001160	Polyglandular autoimmune syndrome type 4	skos:exactMatch	icd10cm	NoTermFound	manual-absent	github:KrishnaTO
ARI	0001160	Polyglandular autoimmune syndrome type 4	skos:exactMatch	mesh	NoTermFound	manual-absent	github:KrishnaTO
ARI	0001158	Polyglandular autoimmune syndrome type 2	skos:exactMatch	DOID	0060234	manual-negative	github:KrishnaTO
ARI	0001158	Polyglandular autoimmune syndrome type 2	skos:exactMatch	umls	C1275078	manual-negative	github:KrishnaTO
ARI	0001158	Polyglandular autoimmune syndrome type 2	skos:exactMatch	mesh	C563187	manual-negative	github:KrishnaTO
ARI	0001158	Polyglandular autoimmune syndrome type 2	skos:exactMatch	ncit	C98873	manual-negative	github:KrishnaTO
ARI	0001166	Primary biliary cholangitis	skos:exactMatch	SNOMEDCT	31712002	manual	github:KrishnaTO
ARI	0001166	Primary biliary cholangitis	skos:exactMatch	omop	4135822	manual	github:KrishnaTO
ARI	0001166	Primary biliary cholangitis	skos:exactMatch	DOID	12236	manual	github:KrishnaTO
ARI	0001166	Primary biliary cholangitis	skos:exactMatch	MONDO	0005388	manual	github:KrishnaTO
ARI	0001166	Primary biliary cholangitis	skos:exactMatch	ncit	C27167	manual	github:KrishnaTO
ARI	0001166	Primary biliary cholangitis	skos:exactMatch	umls	C0008312	manual	github:KrishnaTO
ARI	0001166	Primary biliary cholangitis	skos:exactMatch	ORPHA	186	manual	github:KrishnaTO
ARI	0001166	Primary biliary cholangitis	skos:exactMatch	icd10cm	K74.3	manual	github:KrishnaTO
ARI	0001166	Primary biliary cholangitis	skos:exactMatch	mesh	D008105	manual	github:KrishnaTO
ARI	0001190	SLE glomerulonephritis syndrome	skos:exactMatch	SNOMEDCT	68815009	manual	github:KrishnaTO
ARI	0001190	SLE glomerulonephritis syndrome	skos:exactMatch	omop	4285717	manual	github:KrishnaTO
ARI	0001190	SLE glomerulonephritis syndrome	skos:exactMatch	DOID	0080162	manual	github:KrishnaTO
ARI	0001190	SLE glomerulonephritis syndrome	skos:exactMatch	MONDO	0005556	manual	github:KrishnaTO
ARI	0001190	SLE glomerulonephritis syndrome	skos:exactMatch	ncit	C34789	manual	github:KrishnaTO
ARI	0001190	SLE glomerulonephritis syndrome	skos:exactMatch	umls	C0024143	manual	github:KrishnaTO
ARI	0001190	SLE glomerulonephritis syndrome	skos:exactMatch	mesh	D008181	manual	github:KrishnaTO
ARI	0001187	Schnitzler syndrome	skos:exactMatch	SNOMEDCT	402415001	manual	github:KrishnaTO
ARI	0001187	Schnitzler syndrome	skos:exactMatch	omop	4297647	manual	github:KrishnaTO
ARI	0001187	Schnitzler syndrome	skos:exactMatch	DOID	4371	manual	github:KrishnaTO
ARI	0001187	Schnitzler syndrome	skos:exactMatch	MONDO	0018304	manual	github:KrishnaTO
ARI	0001187	Schnitzler syndrome	skos:exactMatch	ORPHA	37748	manual	github:KrishnaTO
ARI	0001187	Schnitzler syndrome	skos:exactMatch	umls	C0524988	manual	github:KrishnaTO
ARI	0001187	Schnitzler syndrome	skos:exactMatch	mesh	D019873	manual	github:KrishnaTO
ARI	0001191	Small fiber neuropathy	skos:exactMatch	SNOMEDCT	709489006	manual	github:KrishnaTO
ARI	0001191	Small fiber neuropathy	skos:exactMatch	DOID	0070701	manual	github:KrishnaTO
ARI	0001191	Small fiber neuropathy	skos:exactMatch	omop	46271378	manual	github:KrishnaTO
ARI	0001191	Small fiber neuropathy	skos:exactMatch	MONDO	0800207	manual	github:KrishnaTO
ARI	0001191	Small fiber neuropathy	skos:exactMatch	ncit	C125389	manual	github:KrishnaTO
ARI	0001191	Small fiber neuropathy	skos:exactMatch	umls	C3276706	manual	github:KrishnaTO
ARI	0001191	Small fiber neuropathy	skos:exactMatch	mesh	D000071075	manual	github:KrishnaTO
ARI	0001201	Temporal arteritis	skos:exactMatch	SNOMEDCT	400130008	manual	github:KrishnaTO
ARI	0001201	Temporal arteritis	skos:exactMatch	omop	4290976	manual	github:KrishnaTO
ARI	0001201	Temporal arteritis	skos:exactMatch	DOID	13375	manual	github:KrishnaTO
ARI	0001201	Temporal arteritis	skos:exactMatch	MONDO	0008538	manual	github:KrishnaTO
ARI	0001201	Temporal arteritis	skos:exactMatch	ncit	C35065	manual	github:KrishnaTO
ARI	0001201	Temporal arteritis	skos:exactMatch	umls	C0039483	manual	github:KrishnaTO
ARI	0001201	Temporal arteritis	skos:exactMatch	ORPHA	397	manual	github:KrishnaTO
ARI	0001201	Temporal arteritis	skos:exactMatch	mesh	D013700	manual	github:KrishnaTO
ARI	0001203	Tolosa-Hunt syndrome	skos:exactMatch	SNOMEDCT	95794005	manual	github:KrishnaTO
ARI	0001203	Tolosa-Hunt syndrome	skos:exactMatch	omop	4317989	manual	github:KrishnaTO
ARI	0001203	Tolosa-Hunt syndrome	skos:exactMatch	DOID	1278	manual	github:KrishnaTO
ARI	0001203	Tolosa-Hunt syndrome	skos:exactMatch	MONDO	0018983	manual	github:KrishnaTO
ARI	0001203	Tolosa-Hunt syndrome	skos:exactMatch	ncit	C85193	manual	github:KrishnaTO
ARI	0001203	Tolosa-Hunt syndrome	skos:exactMatch	mesh	D020333	manual	github:KrishnaTO
ARI	0001203	Tolosa-Hunt syndrome	skos:exactMatch	umls	C0040381	manual	github:KrishnaTO
ARI	0001203	Tolosa-Hunt syndrome	skos:exactMatch	ORPHA	64686	manual	github:KrishnaTO
ARI	0001206	Undifferentiated connective tissue disease	skos:exactMatch	SNOMEDCT	239918008	manual	github:KrishnaTO
ARI	0001206	Undifferentiated connective tissue disease	skos:exactMatch	omop	4344165	manual	github:KrishnaTO
ARI	0001206	Undifferentiated connective tissue disease	skos:exactMatch	MONDO	0019527	manual	github:KrishnaTO
ARI	0001206	Undifferentiated connective tissue disease	skos:exactMatch	ncit	C116776	manual	github:KrishnaTO
ARI	0001206	Undifferentiated connective tissue disease	skos:exactMatch	mesh	D000074079	manual	github:KrishnaTO
ARI	0001206	Undifferentiated connective tissue disease	skos:exactMatch	umls	C0409999	manual	github:KrishnaTO
ARI	0001206	Undifferentiated connective tissue disease	skos:exactMatch	ORPHA	90002	manual	github:KrishnaTO
ARI	0001207	Urticarial vasculitis	skos:exactMatch	SNOMEDCT	402656007	manual	github:KrishnaTO
ARI	0001207	Urticarial vasculitis	skos:exactMatch	omop	4292532	manual	github:KrishnaTO
ARI	0001166	Primary biliary cholangitis	skos:exactMatch	ncit	C51225	manual-negative	github:KrishnaTO
ARI	0001166	Primary biliary cholangitis	skos:exactMatch	umls	C0023892	manual-negative	github:KrishnaTO
ARI	0001166	Primary biliary cholangitis	skos:exactMatch	icd10cm	K74.5	manual-negative	github:KrishnaTO
ARI	0001207	Urticarial vasculitis	skos:exactMatch	MONDO	0018227	manual-negative	github:KrishnaTO
ARI	0001207	Urticarial vasculitis	skos:exactMatch	ORPHA	36412	manual-negative	github:KrishnaTO
ARI	0001207	Urticarial vasculitis	skos:exactMatch	umls	C0343206	manual-negative	github:KrishnaTO
ARI	0001190	SLE glomerulonephritis syndrome	skos:exactMatch	icd10cm	NoTermFound	manual-absent	github:KrishnaTO
ARI	0001190	SLE glomerulonephritis syndrome	skos:exactMatch	ORPHA	NoTermFound	manual-absent	github:KrishnaTO
ARI	0001187	Schnitzler syndrome	skos:exactMatch	ncit	NoTermFound	manual-absent	github:KrishnaTO
ARI	0001187	Schnitzler syndrome	skos:exactMatch	icd10cm	NoTermFound	manual-absent	github:KrishnaTO
ARI	0001191	Small fiber neuropathy	skos:exactMatch	ORPHA	NoTermFound	manual-absent	github:KrishnaTO
ARI	0001191	Small fiber neuropathy	skos:exactMatch	icd10cm	NoTermFound	manual-absent	github:KrishnaTO
ARI	0001203	Tolosa-Hunt syndrome	skos:exactMatch	icd10cm	NoTermFound	manual-absent	github:KrishnaTO
ARI	0001206	Undifferentiated connective tissue disease	skos:exactMatch	DOID	NoTermFound	manual-absent	github:KrishnaTO
ARI	0001207	Urticarial vasculitis	skos:exactMatch	DOID	NoTermFound	manual-absent	github:KrishnaTO
ARI	0001207	Urticarial vasculitis	skos:exactMatch	MONDO	NoTermFound	manual-absent	github:KrishnaTO
ARI	0001207	Urticarial vasculitis	skos:exactMatch	ncit	NoTermFound	manual-absent	github:KrishnaTO
ARI	0001207	Urticarial vasculitis	skos:exactMatch	icd10cm	NoTermFound	manual-absent	github:KrishnaTO
ARI	0001207	Urticarial vasculitis	skos:exactMatch	mesh	NoTermFound	manual-absent	github:KrishnaTO
ARI	0001207	Urticarial vasculitis	skos:exactMatch	ORPHA	NoTermFound	manual-absent	github:KrishnaTO
ARI	0001211	Warm autoimmune hemolytic anemia	skos:exactMatch	icd10cm	D59.11	manual	github:KrishnaTO
ARI	0001211	Warm autoimmune hemolytic anemia	skos:exactMatch	ORPHA	90033	manual	github:KrishnaTO
ARI	0001211	Warm autoimmune hemolytic anemia	skos:exactMatch	umls	C0272118	manual	github:KrishnaTO
ARI	0001211	Warm autoimmune hemolytic anemia	skos:exactMatch	ncit	C162611	manual	github:KrishnaTO
ARI	0001211	Warm autoimmune hemolytic anemia	skos:exactMatch	MONDO	0019532	manual	github:KrishnaTO
ARI	0001211	Warm autoimmune hemolytic anemia	skos:exactMatch	SNOMEDCT	3978000	manual	github:KrishnaTO
ARI	0001211	Warm autoimmune hemolytic anemia	skos:exactMatch	omop	4219853	manual	github:KrishnaTO
ARI	0001180	Retinocochleocerebral vasculopathy	skos:exactMatch	SNOMEDCT	702575003	manual	github:KrishnaTO
ARI	0001180	Retinocochleocerebral vasculopathy	skos:exactMatch	omop	45765600	manual	github:KrishnaTO
ARI	0001180	Retinocochleocerebral vasculopathy	skos:exactMatch	MONDO	0019390	manual	github:KrishnaTO
ARI	0001180	Retinocochleocerebral vasculopathy	skos:exactMatch	ncit	C116363	manual	github:KrishnaTO
ARI	0001180	Retinocochleocerebral vasculopathy	skos:exactMatch	mesh	D055955	manual	github:KrishnaTO
ARI	0001180	Retinocochleocerebral vasculopathy	skos:exactMatch	umls	C2717757	manual	github:KrishnaTO
ARI	0001180	Retinocochleocerebral vasculopathy	skos:exactMatch	ORPHA	838	manual	github:KrishnaTO
ARI	0001194	Subacute bacterial endocarditis	skos:exactMatch	SNOMEDCT	73774007	manual	github:KrishnaTO
ARI	0001194	Subacute bacterial endocarditis	skos:exactMatch	omop	4249899	manual	github:KrishnaTO
ARI	0001194	Subacute bacterial endocarditis	skos:exactMatch	DOID	4562	manual	github:KrishnaTO
ARI	0001194	Subacute bacterial endocarditis	skos:exactMatch	MONDO	0006981	manual	github:KrishnaTO
ARI	0001194	Subacute bacterial endocarditis	skos:exactMatch	ncit	C34583	manual	github:KrishnaTO
ARI	0001194	Subacute bacterial endocarditis	skos:exactMatch	mesh	D004698	manual	github:KrishnaTO
ARI	0001194	Subacute bacterial endocarditis	skos:exactMatch	umls	C0014122	manual	github:KrishnaTO
ARI	0001204	Transverse myelitis	skos:exactMatch	SNOMEDCT	16631009	manual	github:KrishnaTO
ARI	0001204	Transverse myelitis	skos:exactMatch	omop	443904	manual	github:KrishnaTO
ARI	0001204	Transverse myelitis	skos:exactMatch	DOID	0080743	manual	github:KrishnaTO
ARI	0001204	Transverse myelitis	skos:exactMatch	MONDO	0021553	manual	github:KrishnaTO
ARI	0001204	Transverse myelitis	skos:exactMatch	mesh	D009188	manual	github:KrishnaTO
ARI	0001204	Transverse myelitis	skos:exactMatch	umls	C0026976	manual	github:KrishnaTO
ARI	0001211	Warm autoimmune hemolytic anemia	skos:exactMatch	DOID	NoTermFound	manual-absent	github:KrishnaTO
ARI	0001211	Warm autoimmune hemolytic anemia	skos:exactMatch	mesh	NoTermFound	manual-absent	github:KrishnaTO
ARI	0001180	Retinocochleocerebral vasculopathy	skos:exactMatch	DOID	NoTermFound	manual-absent	github:KrishnaTO
ARI	0001180	Retinocochleocerebral vasculopathy	skos:exactMatch	icd10cm	NoTermFound	manual-absent	github:KrishnaTO
ARI	0001194	Subacute bacterial endocarditis	skos:exactMatch	icd10cm	NoTermFound	manual-absent	github:KrishnaTO
ARI	0001194	Subacute bacterial endocarditis	skos:exactMatch	ORPHA	NoTermFound	manual-absent	github:KrishnaTO
ARI	0001202	TIF1-gamma positive dermatomyositis	skos:exactMatch	SNOMEDCT	NoTermFound	manual-absent	github:KrishnaTO
ARI	0001202	TIF1-gamma positive dermatomyositis	skos:exactMatch	omop	NoTermFound	manual-absent	github:KrishnaTO
ARI	0001202	TIF1-gamma positive dermatomyositis	skos:exactMatch	DOID	NoTermFound	manual-absent	github:KrishnaTO
ARI	0001202	TIF1-gamma positive dermatomyositis	skos:exactMatch	MONDO	NoTermFound	manual-absent	github:KrishnaTO
ARI	0001202	TIF1-gamma positive dermatomyositis	skos:exactMatch	ncit	NoTermFound	manual-absent	github:KrishnaTO
ARI	0001202	TIF1-gamma positive dermatomyositis	skos:exactMatch	mesh	NoTermFound	manual-absent	github:KrishnaTO
ARI	0001202	TIF1-gamma positive dermatomyositis	skos:exactMatch	umls	NoTermFound	manual-absent	github:KrishnaTO
ARI	0001202	TIF1-gamma positive dermatomyositis	skos:exactMatch	ORPHA	NoTermFound	manual-absent	github:KrishnaTO
ARI	0001202	TIF1-gamma positive dermatomyositis	skos:exactMatch	icd10cm	NoTermFound	manual-absent	github:KrishnaTO
ARI	0001204	Transverse myelitis	skos:exactMatch	ncit	NoTermFound	manual-absent	github:KrishnaTO
ARI	0001204	Transverse myelitis	skos:exactMatch	ORPHA	NoTermFound	manual-absent	github:KrishnaTO
ARI	0001158	Polyglandular autoimmune syndrome type 2	skos:exactMatch	mesh	D016884	manual-negative	github:KrishnaTO
ARI	0001158	Polyglandular autoimmune syndrome type 2	skos:exactMatch	mesh	C580192	manual-negative	github:KrishnaTO
ARI	0001204	Transverse myelitis	skos:exactMatch	ORPHA	139417	manual-negative	github:KrishnaTO
ARI	0001204	Transverse myelitis	skos:exactMatch	ORPHA	592873	manual-negative	github:KrishnaTO
ARI	0001204	Transverse myelitis	skos:exactMatch	ncit	C128378	manual-negative	github:KrishnaTO
ARI	0001204	Transverse myelitis	skos:exactMatch	icd10cm	G37.3	manual-negative	github:KrishnaTO
ARI	0001204	Transverse myelitis	skos:exactMatch	icd10cm	NoTermFound	manual-absent	github:KrishnaTO
ARI	0001014	Anti-glomerular basement membrane disease	skos:exactMatch	MONDO	0009303	manual	github:alexlazcano248
ARI	0001014	Anti-glomerular basement membrane disease	skos:exactMatch	ORPHA	375	manual	github:alexlazcano248
ARI	0001030	Autoimmune ganglionopathy	skos:exactMatch	SNOMEDCT	838330008	manual	github:alexlazcano248
ARI	0001030	Autoimmune ganglionopathy	skos:exactMatch	omop	3654638	manual	github:alexlazcano248
ARI	0001030	Autoimmune ganglionopathy	skos:exactMatch	MONDO	0016499	manual	github:alexlazcano248
ARI	0001047	Autoimmune retinopathy	skos:exactMatch	MONDO	0100014	manual	github:alexlazcano248
ARI	0001047	Autoimmune retinopathy	skos:exactMatch	umls	C3203657	manual	github:alexlazcano248
ARI	0001088	Episcleritis	skos:exactMatch	umls	C0014583	manual	github:alexlazcano248
ARI	0001088	Episcleritis	skos:exactMatch	ncit	C112189	manual	github:alexlazcano248
ARI	0001088	Episcleritis	skos:exactMatch	omop	4218083	manual	github:alexlazcano248
ARI	0001088	Episcleritis	skos:exactMatch	SNOMEDCT	815008	manual	github:alexlazcano248
ARI	0001214	Latent autoimmune diabetes in adults (LADA)	skos:exactMatch	mesh	D000071698	manual	github:alexlazcano248
ARI	0001127	Male infertility associated with antisperm antibodies	skos:exactMatch	SNOMEDCT	414643008	manual	github:alexlazcano248
ARI	0001127	Male infertility associated with antisperm antibodies	skos:exactMatch	omop	4212192	manual	github:alexlazcano248
ARI	0001142	Neuralgic amyotrophy	skos:exactMatch	SNOMEDCT	26609002	manual	github:alexlazcano248
ARI	0001142	Neuralgic amyotrophy	skos:exactMatch	omop	377271	manual	github:alexlazcano248
ARI	0001142	Neuralgic amyotrophy	skos:exactMatch	DOID	3689	manual	github:alexlazcano248
ARI	0001142	Neuralgic amyotrophy	skos:exactMatch	MONDO	0017362	manual	github:alexlazcano248
ARI	0001142	Neuralgic amyotrophy	skos:exactMatch	ncit	C84600	manual	github:alexlazcano248
ARI	0001142	Neuralgic amyotrophy	skos:exactMatch	icd10cm	G54.5	manual	github:alexlazcano248
ARI	0001142	Neuralgic amyotrophy	skos:exactMatch	ORPHA	2901	manual	github:alexlazcano248
ARI	0001142	Neuralgic amyotrophy	skos:exactMatch	umls	C0221759	manual	github:alexlazcano248
ARI	0001142	Neuralgic amyotrophy	skos:exactMatch	mesh	D020968	manual	github:alexlazcano248
ARI	0001153	Pediatric autoimmune neuropsychiatric disorder associated with streptococcal infection	skos:exactMatch	SNOMEDCT	446682003	manual	github:alexlazcano248
ARI	0001153	Pediatric autoimmune neuropsychiatric disorder associated with streptococcal infection	skos:exactMatch	omop	40488855	manual	github:alexlazcano248
ARI	0001153	Pediatric autoimmune neuropsychiatric disorder associated with streptococcal infection	skos:exactMatch	MONDO	0019020	manual	github:alexlazcano248
ARI	0001153	Pediatric autoimmune neuropsychiatric disorder associated with streptococcal infection	skos:exactMatch	ORPHA	66624	manual	github:alexlazcano248
ARI	0001153	Pediatric autoimmune neuropsychiatric disorder associated with streptococcal infection	skos:exactMatch	umls	C2931429	manual	github:alexlazcano248
ARI	0001153	Pediatric autoimmune neuropsychiatric disorder associated with streptococcal infection	skos:exactMatch	mesh	C537163	manual	github:alexlazcano248
ARI	0001162	Polymyositis	skos:exactMatch	SNOMEDCT	31384009	manual	github:alexlazcano248
ARI	0001162	Polymyositis	skos:exactMatch	omop	80800	manual	github:alexlazcano248
ARI	0001162	Polymyositis	skos:exactMatch	DOID	0080745	manual	github:alexlazcano248
ARI	0001162	Polymyositis	skos:exactMatch	MONDO	0019127	manual	github:alexlazcano248
ARI	0001162	Polymyositis	skos:exactMatch	ncit	C26925	manual	github:alexlazcano248
ARI	0001162	Polymyositis	skos:exactMatch	icd10cm	M33.2	manual	github:alexlazcano248
ARI	0001162	Polymyositis	skos:exactMatch	ORPHA	732	manual	github:alexlazcano248
ARI	0001162	Polymyositis	skos:exactMatch	umls	C0085655	manual	github:alexlazcano248
ARI	0001162	Polymyositis	skos:exactMatch	mesh	D017285	manual	github:alexlazcano248
ARI	0001001	Acquired epidermolysis bullosa	skos:exactMatch	MONDO	0018747	manual	github:alexlazcano248
ARI	0001001	Acquired epidermolysis bullosa	skos:exactMatch	ORPHA	46487	manual	github:alexlazcano248
ARI	0001012	Ankylosing spondylitis	skos:exactMatch	ORPHA	825	manual	github:alexlazcano248
ARI	0001015	Anti-MAG neuropathy	skos:exactMatch	MONDO	0018977	manual	github:alexlazcano248
ARI	0001015	Anti-MAG neuropathy	skos:exactMatch	ORPHA	639	manual	github:alexlazcano248
ARI	0001015	Anti-MAG neuropathy	skos:exactMatch	umls	C1736154	manual	github:alexlazcano248
ARI	0001017	Antineutrophil cytoplasmic antibody positive vasculitis	skos:exactMatch	SNOMEDCT	722191003	manual	github:alexlazcano248
ARI	0001017	Antineutrophil cytoplasmic antibody positive vasculitis	skos:exactMatch	omop	42535714	manual	github:alexlazcano248
ARI	0001017	Antineutrophil cytoplasmic antibody positive vasculitis	skos:exactMatch	MONDO	0015492	manual	github:alexlazcano248
ARI	0001017	Antineutrophil cytoplasmic antibody positive vasculitis	skos:exactMatch	ncit	C215687	manual	github:alexlazcano248
ARI	0001017	Antineutrophil cytoplasmic antibody positive vasculitis	skos:exactMatch	icd10cm	I77.82	manual	github:alexlazcano248
ARI	0001017	Antineutrophil cytoplasmic antibody positive vasculitis	skos:exactMatch	ORPHA	156152	manual	github:alexlazcano248
ARI	0001017	Antineutrophil cytoplasmic antibody positive vasculitis	skos:exactMatch	umls	C2717865	manual	github:alexlazcano248
ARI	0001017	Antineutrophil cytoplasmic antibody positive vasculitis	skos:exactMatch	mesh	D056648	manual	github:alexlazcano248
ARI	0001059	Calcinosis due to childhood type dermatomyositis	skos:exactMatch	umls	C5395057	manual	github:alexlazcano248
ARI	0001213	Morvan syndrome	skos:exactMatch	SNOMEDCT	763803004	manual	github:alexlazcano248
ARI	0001213	Morvan syndrome	skos:exactMatch	omop	35622356	manual	github:alexlazcano248
ARI	0001213	Morvan syndrome	skos:exactMatch	MONDO	0008718	manual	github:alexlazcano248
ARI	0001213	Morvan syndrome	skos:exactMatch	umls	C3854373	manual	github:alexlazcano248
ARI	0001213	Morvan syndrome	skos:exactMatch	ORPHA	83467	manual	github:alexlazcano248
ARI	0001139	Myositis	skos:exactMatch	SNOMEDCT	26889001	manual	github:alexlazcano248
ARI	0001139	Myositis	skos:exactMatch	omop	73001	manual	github:alexlazcano248
ARI	0001139	Myositis	skos:exactMatch	DOID	633	manual	github:alexlazcano248
ARI	0001139	Myositis	skos:exactMatch	MONDO	0021167	manual	github:alexlazcano248
ARI	0001139	Myositis	skos:exactMatch	ncit	C27578	manual	github:alexlazcano248
ARI	0001139	Myositis	skos:exactMatch	icd10cm	M60	manual	github:alexlazcano248
ARI	0001139	Myositis	skos:exactMatch	mesh	D009220	manual	github:alexlazcano248
ARI	0001139	Myositis	skos:exactMatch	umls	C0027121	manual	github:alexlazcano248
ARI	0001030	Autoimmune ganglionopathy	skos:exactMatch	omop	3654629	manual-negative	github:alexlazcano248
ARI	0001030	Autoimmune ganglionopathy	skos:exactMatch	ORPHA	231457	manual-negative	github:alexlazcano248
ARI	0001214	Latent autoimmune diabetes in adults (LADA)	skos:exactMatch	SNOMEDCT	46635009	manual-negative	github:alexlazcano248
ARI	0001214	Latent autoimmune diabetes in adults (LADA)	skos:exactMatch	ncit	C2986	manual-negative	github:alexlazcano248
ARI	0001214	Latent autoimmune diabetes in adults (LADA)	skos:exactMatch	icd10cm	E10	manual-negative	github:alexlazcano248
ARI	0001214	Latent autoimmune diabetes in adults (LADA)	skos:exactMatch	ORPHA	243377	manual-negative	github:alexlazcano248
ARI	0001214	Latent autoimmune diabetes in adults (LADA)	skos:exactMatch	mesh	D003922	manual-negative	github:alexlazcano248
ARI	0001214	Latent autoimmune diabetes in adults (LADA)	skos:exactMatch	mesh	C563359	manual-negative	github:alexlazcano248
ARI	0001142	Neuralgic amyotrophy	skos:exactMatch	SNOMEDCT	3548001	manual-negative	github:alexlazcano248
ARI	0001142	Neuralgic amyotrophy	skos:exactMatch	omop	378741	manual-negative	github:alexlazcano248
ARI	0001142	Neuralgic amyotrophy	skos:exactMatch	MONDO	0006682	manual-negative	github:alexlazcano248
ARI	0001142	Neuralgic amyotrophy	skos:exactMatch	MONDO	0006683	manual-negative	github:alexlazcano248
ARI	0001142	Neuralgic amyotrophy	skos:exactMatch	MONDO	0008076	manual-negative	github:alexlazcano248
ARI	0001017	Antineutrophil cytoplasmic antibody positive vasculitis	skos:exactMatch	SNOMEDCT	82275008	manual-negative	github:alexlazcano248
ARI	0001017	Antineutrophil cytoplasmic antibody positive vasculitis	skos:exactMatch	omop	4305666	manual-negative	github:alexlazcano248
ARI	0001017	Antineutrophil cytoplasmic antibody positive vasculitis	skos:exactMatch	omop	313223	manual-negative	github:alexlazcano248
ARI	0001030	Autoimmune ganglionopathy	skos:exactMatch	SNOMEDCT	838321000	manual-negative	github:alexlazcano248
ARI	0001213	Morvan syndrome	skos:exactMatch	DOID	327	manual-negative	github:alexlazcano248
ARI	0001213	Morvan syndrome	skos:exactMatch	ncit	C85179	manual-negative	github:alexlazcano248
ARI	0001213	Morvan syndrome	skos:exactMatch	mesh	D013595	manual-negative	github:alexlazcano248
ARI	0001139	Myositis	skos:exactMatch	SNOMEDCT	715863001	manual-negative	github:alexlazcano248
ARI	0001139	Myositis	skos:exactMatch	SNOMEDCT	722991004	manual-negative	github:alexlazcano248
ARI	0001139	Myositis	skos:exactMatch	SNOMEDCT	702380008	manual-negative	github:alexlazcano248
ARI	0001139	Myositis	skos:exactMatch	omop	45765443	manual-negative	github:alexlazcano248
ARI	0001139	Myositis	skos:exactMatch	omop	37396156	manual-negative	github:alexlazcano248
ARI	0001139	Myositis	skos:exactMatch	omop	36716807	manual-negative	github:alexlazcano248
ARI	0001139	Myositis	skos:exactMatch	MONDO	0016098	manual-negative	github:alexlazcano248
ARI	0001139	Myositis	skos:exactMatch	MONDO	0600023	manual-negative	github:alexlazcano248
ARI	0001139	Myositis	skos:exactMatch	ORPHA	206569	manual-negative	github:alexlazcano248
ARI	0001214	Latent autoimmune diabetes in adults (LADA)	skos:exactMatch	umls	C2987933	manual-negative	github:alexlazcano248
ARI	0001017	Antineutrophil cytoplasmic antibody positive vasculitis	skos:exactMatch	SNOMEDCT	195353004	manual-negative	github:alexlazcano248
ARI	0001214	Latent autoimmune diabetes in adults (LADA)	skos:exactMatch	DOID	9744	manual-negative	github:alexlazcano248
ARI	0001214	Latent autoimmune diabetes in adults (LADA)	skos:exactMatch	MONDO	0011027	manual-negative	github:alexlazcano248
ARI	0001145	Ocular myasthenia gravis	skos:exactMatch	SNOMEDCT	230684008	manual	github:Luis-Manuel-Esquivel
ARI	0001145	Ocular myasthenia gravis	skos:exactMatch	omop	4048782	manual	github:Luis-Manuel-Esquivel
ARI	0001146	Ophthalmoplegia due to Graves' disease	skos:exactMatch	SNOMEDCT	104461000119104	manual	github:Luis-Manuel-Esquivel
ARI	0001146	Ophthalmoplegia due to Graves' disease	skos:exactMatch	omop	45757069	manual	github:Luis-Manuel-Esquivel
ARI	0001146	Ophthalmoplegia due to Graves' disease	skos:exactMatch	DOID	0081120	manual	github:Luis-Manuel-Esquivel
ARI	0001146	Ophthalmoplegia due to Graves' disease	skos:exactMatch	mesh	D049970	manual	github:Luis-Manuel-Esquivel
ARI	0001147	Opsoclonus-myoclonus syndrome	skos:exactMatch	SNOMEDCT	230350000	manual	github:Luis-Manuel-Esquivel
ARI	0001147	Opsoclonus-myoclonus syndrome	skos:exactMatch	omop	4043399	manual	github:Luis-Manuel-Esquivel
ARI	0001147	Opsoclonus-myoclonus syndrome	skos:exactMatch	MONDO	0015247	manual	github:Luis-Manuel-Esquivel
ARI	0001147	Opsoclonus-myoclonus syndrome	skos:exactMatch	ncit	C4686	manual	github:Luis-Manuel-Esquivel
ARI	0001147	Opsoclonus-myoclonus syndrome	skos:exactMatch	ORPHA	1183	manual	github:Luis-Manuel-Esquivel
ARI	0001147	Opsoclonus-myoclonus syndrome	skos:exactMatch	umls	C0393626	manual	github:Luis-Manuel-Esquivel
ARI	0001147	Opsoclonus-myoclonus syndrome	skos:exactMatch	mesh	D053578	manual	github:Luis-Manuel-Esquivel
ARI	0001155	POEMS syndrome	skos:exactMatch	SNOMEDCT	79268002	manual	github:Luis-Manuel-Esquivel
ARI	0001155	POEMS syndrome	skos:exactMatch	omop	4193776	manual	github:Luis-Manuel-Esquivel
ARI	0001155	POEMS syndrome	skos:exactMatch	DOID	14039	manual	github:Luis-Manuel-Esquivel
ARI	0001155	POEMS syndrome	skos:exactMatch	MONDO	0017364	manual	github:Luis-Manuel-Esquivel
ARI	0001155	POEMS syndrome	skos:exactMatch	ncit	C80303	manual	github:Luis-Manuel-Esquivel
ARI	0001155	POEMS syndrome	skos:exactMatch	ORPHA	2905	manual	github:Luis-Manuel-Esquivel
ARI	0001155	POEMS syndrome	skos:exactMatch	umls	C0085404	manual	github:Luis-Manuel-Esquivel
ARI	0001155	POEMS syndrome	skos:exactMatch	mesh	D016878	manual	github:Luis-Manuel-Esquivel
ARI	0001148	Palindromic rheumatism	skos:exactMatch	SNOMEDCT	50442003	manual	github:Luis-Manuel-Esquivel
ARI	0001148	Palindromic rheumatism	skos:exactMatch	omop	76196	manual	github:Luis-Manuel-Esquivel
ARI	0001148	Palindromic rheumatism	skos:exactMatch	DOID	1166	manual	github:Luis-Manuel-Esquivel
ARI	0001148	Palindromic rheumatism	skos:exactMatch	MONDO	0001332	manual	github:Luis-Manuel-Esquivel
ARI	0001148	Palindromic rheumatism	skos:exactMatch	ncit	C215373	manual	github:Luis-Manuel-Esquivel
ARI	0001148	Palindromic rheumatism	skos:exactMatch	icd10cm	M12.3	manual	github:Luis-Manuel-Esquivel
ARI	0001148	Palindromic rheumatism	skos:exactMatch	umls	C0158178	manual-negative	github:Luis-Manuel-Esquivel
ARI	0001148	Palindromic rheumatism	skos:exactMatch	umls	C0085574	manual	github:Luis-Manuel-Esquivel
ARI	0001148	Palindromic rheumatism	skos:exactMatch	mesh	C538103	manual	github:Luis-Manuel-Esquivel
ARI	0001149	Paraneoplastic cerebellar degeneration	skos:exactMatch	SNOMEDCT	192877007	manual	github:Luis-Manuel-Esquivel
ARI	0001149	Paraneoplastic cerebellar degeneration	skos:exactMatch	MONDO	0018215	manual-negative	github:Luis-Manuel-Esquivel
ARI	0001149	Paraneoplastic cerebellar degeneration	skos:exactMatch	MONDO	0044877	manual	github:Luis-Manuel-Esquivel
ARI	0001149	Paraneoplastic cerebellar degeneration	skos:exactMatch	ncit	C4685	manual	github:Luis-Manuel-Esquivel
ARI	0001149	Paraneoplastic cerebellar degeneration	skos:exactMatch	ORPHA	623626	manual	github:Luis-Manuel-Esquivel
ARI	0001149	Paraneoplastic cerebellar degeneration	skos:exactMatch	ORPHA	36388	manual-negative	github:Luis-Manuel-Esquivel
ARI	0001149	Paraneoplastic cerebellar degeneration	skos:exactMatch	umls	C0393534	manual	github:Luis-Manuel-Esquivel
ARI	0001149	Paraneoplastic cerebellar degeneration	skos:exactMatch	umls	C0751911	manual-negative	github:Luis-Manuel-Esquivel
ARI	0001149	Paraneoplastic cerebellar degeneration	skos:exactMatch	mesh	D020362	manual	github:Luis-Manuel-Esquivel
ARI	0001149	Paraneoplastic cerebellar degeneration	skos:exactMatch	omop	4102330	manual	github:Luis-Manuel-Esquivel
ARI	0001150	Paraneoplastic pemphigus	skos:exactMatch	omop	45591627	manual	github:Luis-Manuel-Esquivel
ARI	0001150	Paraneoplastic pemphigus	skos:exactMatch	DOID	0080852	manual	github:Luis-Manuel-Esquivel
ARI	0001150	Paraneoplastic pemphigus	skos:exactMatch	MONDO	0018974	manual	github:Luis-Manuel-Esquivel
ARI	0001150	Paraneoplastic pemphigus	skos:exactMatch	icd10cm	L10.81	manual	github:Luis-Manuel-Esquivel
ARI	0001150	Paraneoplastic pemphigus	skos:exactMatch	ORPHA	63455	manual	github:Luis-Manuel-Esquivel
ARI	0001150	Paraneoplastic pemphigus	skos:exactMatch	umls	C1112570	manual	github:Luis-Manuel-Esquivel
ARI	0001151	Paroxysmal cold hemoglobinuria	skos:exactMatch	SNOMEDCT	127057004	manual	github:Luis-Manuel-Esquivel
ARI	0001151	Paroxysmal cold hemoglobinuria	skos:exactMatch	MONDO	0019533	manual	github:Luis-Manuel-Esquivel
ARI	0001151	Paroxysmal cold hemoglobinuria	skos:exactMatch	ORPHA	90035	manual	github:Luis-Manuel-Esquivel
ARI	0001151	Paroxysmal cold hemoglobinuria	skos:exactMatch	umls	C0086774	manual	github:Luis-Manuel-Esquivel
ARI	0001151	Paroxysmal cold hemoglobinuria	skos:exactMatch	mesh	C538618	manual	github:Luis-Manuel-Esquivel
ARI	0001151	Paroxysmal cold hemoglobinuria	skos:exactMatch	omop	4131917	manual	github:Luis-Manuel-Esquivel
ARI	0001152	Paroxysmal nocturnal hemoglobinuria	skos:exactMatch	SNOMEDCT	1963002	manual	github:Luis-Manuel-Esquivel
ARI	0001152	Paroxysmal nocturnal hemoglobinuria	skos:exactMatch	omop	4024671	manual	github:Luis-Manuel-Esquivel
ARI	0001152	Paroxysmal nocturnal hemoglobinuria	skos:exactMatch	DOID	0060284	manual	github:Luis-Manuel-Esquivel
ARI	0001152	Paroxysmal nocturnal hemoglobinuria	skos:exactMatch	MONDO	0100244	manual	github:Luis-Manuel-Esquivel
ARI	0001152	Paroxysmal nocturnal hemoglobinuria	skos:exactMatch	MONDO	0019533	manual-negative	github:Luis-Manuel-Esquivel
ARI	0001152	Paroxysmal nocturnal hemoglobinuria	skos:exactMatch	ncit	C61233	manual	github:Luis-Manuel-Esquivel
ARI	0001152	Paroxysmal nocturnal hemoglobinuria	skos:exactMatch	icd10cm	D59.5	manual	github:Luis-Manuel-Esquivel
ARI	0001152	Paroxysmal nocturnal hemoglobinuria	skos:exactMatch	ORPHA	447	manual	github:Luis-Manuel-Esquivel
ARI	0001152	Paroxysmal nocturnal hemoglobinuria	skos:exactMatch	ORPHA	90035	manual-negative	github:Luis-Manuel-Esquivel
ARI	0001152	Paroxysmal nocturnal hemoglobinuria	skos:exactMatch	umls	C0019050	manual-negative	github:Luis-Manuel-Esquivel
ARI	0001152	Paroxysmal nocturnal hemoglobinuria	skos:exactMatch	umls	C0024790	manual	github:Luis-Manuel-Esquivel
ARI	0001152	Paroxysmal nocturnal hemoglobinuria	skos:exactMatch	mesh	D006457	manual-negative	github:Luis-Manuel-Esquivel
ARI	0001170	Progressive hemifacial atrophy	skos:exactMatch	SNOMEDCT	718224004	manual	github:Luis-Manuel-Esquivel
ARI	0001170	Progressive hemifacial atrophy	skos:exactMatch	omop	37397558	manual	github:Luis-Manuel-Esquivel
ARI	0001170	Progressive hemifacial atrophy	skos:exactMatch	MONDO	0007710	manual	github:Luis-Manuel-Esquivel
ARI	0001170	Progressive hemifacial atrophy	skos:exactMatch	ORPHA	1214	manual	github:Luis-Manuel-Esquivel
ARI	0001170	Progressive hemifacial atrophy	skos:exactMatch	ncit	C116916	manual	github:Luis-Manuel-Esquivel
ARI	0001170	Progressive hemifacial atrophy	skos:exactMatch	mesh	D005150	manual	github:Luis-Manuel-Esquivel
ARI	0001145	Ocular myasthenia gravis	skos:exactMatch	MONDO	1060002	manual	github:Luis-Manuel-Esquivel
ARI	0001154	Pemphigus	skos:exactMatch	SNOMEDCT	402718003	manual-negative	github:Luis-Manuel-Esquivel
ARI	0001154	Pemphigus	skos:exactMatch	SNOMEDCT	65172003	manual	github:Luis-Manuel-Esquivel
ARI	0001154	Pemphigus	skos:exactMatch	SNOMEDCT	35154004	manual-negative	github:Luis-Manuel-Esquivel
ARI	0001154	Pemphigus	skos:exactMatch	SNOMEDCT	49420001	manual-negative	github:Luis-Manuel-Esquivel
ARI	0001154	Pemphigus	skos:exactMatch	SNOMEDCT	200907003	manual-negative	github:Luis-Manuel-Esquivel
ARI	0001154	Pemphigus	skos:exactMatch	omop	135338	manual	github:Luis-Manuel-Esquivel
ARI	0001154	Pemphigus	skos:exactMatch	DOID	9182	manual	github:Luis-Manuel-Esquivel
ARI	0001154	Pemphigus	skos:exactMatch	MONDO	0006594	manual	github:Luis-Manuel-Esquivel
ARI	0001154	Pemphigus	skos:exactMatch	ncit	C34909	manual	github:Luis-Manuel-Esquivel
ARI	0001154	Pemphigus	skos:exactMatch	icd10cm	L10	manual	github:Luis-Manuel-Esquivel
ARI	0001154	Pemphigus	skos:exactMatch	umls	C0030807	manual	github:Luis-Manuel-Esquivel
ARI	0001154	Pemphigus	skos:exactMatch	mesh	D010392	manual	github:Luis-Manuel-Esquivel
ARI	0001156	Polyarteritis nodosa	skos:exactMatch	SNOMEDCT	155441006	manual	github:Luis-Manuel-Esquivel
ARI	0001156	Polyarteritis nodosa	skos:exactMatch	omop	320749	manual	github:Luis-Manuel-Esquivel
ARI	0001156	Polyarteritis nodosa	skos:exactMatch	DOID	9810	manual	github:Luis-Manuel-Esquivel
ARI	0001156	Polyarteritis nodosa	skos:exactMatch	MONDO	0019170	manual	github:Luis-Manuel-Esquivel
ARI	0001156	Polyarteritis nodosa	skos:exactMatch	ncit	C26847	manual	github:Luis-Manuel-Esquivel
ARI	0001156	Polyarteritis nodosa	skos:exactMatch	icd10cm	M30.0	manual	github:Luis-Manuel-Esquivel
ARI	0001156	Polyarteritis nodosa	skos:exactMatch	ORPHA	767	manual	github:Luis-Manuel-Esquivel
ARI	0001156	Polyarteritis nodosa	skos:exactMatch	umls	C0031036	manual	github:Luis-Manuel-Esquivel
ARI	0001156	Polyarteritis nodosa	skos:exactMatch	mesh	D010488	manual	github:Luis-Manuel-Esquivel
ARI	0001163	Postmyocardial infarction syndrome	skos:exactMatch	SNOMEDCT	827164008	manual-negative	github:Luis-Manuel-Esquivel
ARI	0001163	Postmyocardial infarction syndrome	skos:exactMatch	SNOMEDCT	66189004	manual	github:Luis-Manuel-Esquivel
ARI	0001163	Postmyocardial infarction syndrome	skos:exactMatch	omop	319038	manual	github:Luis-Manuel-Esquivel
ARI	0001163	Postmyocardial infarction syndrome	skos:exactMatch	DOID	10507	manual	github:Luis-Manuel-Esquivel
ARI	0001163	Postmyocardial infarction syndrome	skos:exactMatch	MONDO	0001049	manual	github:Luis-Manuel-Esquivel
ARI	0001163	Postmyocardial infarction syndrome	skos:exactMatch	icd10cm	I24.1	manual	github:Luis-Manuel-Esquivel
ARI	0001163	Postmyocardial infarction syndrome	skos:exactMatch	umls	C0152107	manual	github:Luis-Manuel-Esquivel
ARI	0001164	Postural orthostatic tachycardia syndrome	skos:exactMatch	SNOMEDCT	371073003	manual	github:Luis-Manuel-Esquivel
ARI	0001164	Postural orthostatic tachycardia syndrome	skos:exactMatch	omop	4159659	manual	github:Luis-Manuel-Esquivel
ARI	0001164	Postural orthostatic tachycardia syndrome	skos:exactMatch	DOID	0111154	manual	github:Luis-Manuel-Esquivel
ARI	0001164	Postural orthostatic tachycardia syndrome	skos:exactMatch	MONDO	0011479	manual	github:Luis-Manuel-Esquivel
ARI	0001164	Postural orthostatic tachycardia syndrome	skos:exactMatch	ncit	C85020	manual	github:Luis-Manuel-Esquivel
ARI	0001164	Postural orthostatic tachycardia syndrome	skos:exactMatch	ORPHA	443236	manual	github:Luis-Manuel-Esquivel
ARI	0001164	Postural orthostatic tachycardia syndrome	skos:exactMatch	umls	C1299624	manual	github:Luis-Manuel-Esquivel
ARI	0001164	Postural orthostatic tachycardia syndrome	skos:exactMatch	mesh	D054972	manual	github:Luis-Manuel-Esquivel
ARI	0001165	Primary acquired chylomicronemia	skos:exactMatch	SNOMEDCT	402475008	manual	github:Luis-Manuel-Esquivel
ARI	0001165	Primary acquired chylomicronemia	skos:exactMatch	omop	4223495	manual	github:Luis-Manuel-Esquivel
ARI	0001167	Primary idiopathic dilated cardiomyopathy	skos:exactMatch	SNOMEDCT	53043001	manual	github:Luis-Manuel-Esquivel
ARI	0001167	Primary idiopathic dilated cardiomyopathy	skos:exactMatch	omop	4203149	manual	github:Luis-Manuel-Esquivel
ARI	0001167	Primary idiopathic dilated cardiomyopathy	skos:exactMatch	DOID	12930	manual-negative	github:Luis-Manuel-Esquivel
ARI	0001167	Primary idiopathic dilated cardiomyopathy	skos:exactMatch	MONDO	0005021	manual-negative	github:Luis-Manuel-Esquivel
ARI	0001167	Primary idiopathic dilated cardiomyopathy	skos:exactMatch	ncit	C84673	manual-negative	github:Luis-Manuel-Esquivel
ARI	0001167	Primary idiopathic dilated cardiomyopathy	skos:exactMatch	icd10cm	I42.0	manual-negative	github:Luis-Manuel-Esquivel
ARI	0001167	Primary idiopathic dilated cardiomyopathy	skos:exactMatch	ORPHA	217604	manual-negative	github:Luis-Manuel-Esquivel
ARI	0001167	Primary idiopathic dilated cardiomyopathy	skos:exactMatch	umls	C1449563	manual	github:Luis-Manuel-Esquivel
ARI	0001167	Primary idiopathic dilated cardiomyopathy	skos:exactMatch	umls	C0007193	manual-negative	github:Luis-Manuel-Esquivel
ARI	0001167	Primary idiopathic dilated cardiomyopathy	skos:exactMatch	mesh	D002311	manual-negative	github:Luis-Manuel-Esquivel
ARI	0001173	Pure red cell aplasia	skos:exactMatch	SNOMEDCT	50715003	manual	github:Luis-Manuel-Esquivel
ARI	0001173	Pure red cell aplasia	skos:exactMatch	omop	140065	manual	github:Luis-Manuel-Esquivel
ARI	0001173	Pure red cell aplasia	skos:exactMatch	DOID	1340	manual	github:Luis-Manuel-Esquivel
ARI	0001173	Pure red cell aplasia	skos:exactMatch	MONDO	0001705	manual	github:Luis-Manuel-Esquivel
ARI	0001173	Pure red cell aplasia	skos:exactMatch	ncit	C34974	manual	github:Luis-Manuel-Esquivel
ARI	0001173	Pure red cell aplasia	skos:exactMatch	umls	C0034902	manual	github:Luis-Manuel-Esquivel
ARI	0001173	Pure red cell aplasia	skos:exactMatch	mesh	D012010	manual	github:Luis-Manuel-Esquivel
ARI	0001174	Pyoderma gangrenosum	skos:exactMatch	SNOMEDCT	74578003	manual	github:Luis-Manuel-Esquivel
ARI	0001174	Pyoderma gangrenosum	skos:exactMatch	omop	133283	manual	github:Luis-Manuel-Esquivel
ARI	0001174	Pyoderma gangrenosum	skos:exactMatch	DOID	8553	manual	github:Luis-Manuel-Esquivel
ARI	0001174	Pyoderma gangrenosum	skos:exactMatch	MONDO	0018824	manual	github:Luis-Manuel-Esquivel
ARI	0001174	Pyoderma gangrenosum	skos:exactMatch	icd10cm	L88	manual	github:Luis-Manuel-Esquivel
ARI	0001174	Pyoderma gangrenosum	skos:exactMatch	ORPHA	48104	manual	github:Luis-Manuel-Esquivel
ARI	0001174	Pyoderma gangrenosum	skos:exactMatch	umls	C0085652	manual	github:Luis-Manuel-Esquivel
ARI	0001174	Pyoderma gangrenosum	skos:exactMatch	mesh	D017511	manual	github:Luis-Manuel-Esquivel
ARI	0001175	Rasmussen syndrome	skos:exactMatch	SNOMEDCT	230191005	manual	github:Luis-Manuel-Esquivel
ARI	0001175	Rasmussen syndrome	skos:exactMatch	omop	4041672	manual	github:Luis-Manuel-Esquivel
ARI	0001175	Rasmussen syndrome	skos:exactMatch	MONDO	0016019	manual	github:Luis-Manuel-Esquivel
ARI	0001175	Rasmussen syndrome	skos:exactMatch	ORPHA	1929	manual	github:Luis-Manuel-Esquivel
ARI	0001175	Rasmussen syndrome	skos:exactMatch	umls	C2930868	manual	github:Luis-Manuel-Esquivel
ARI	0001146	Ophthalmoplegia due to Graves' disease	skos:exactMatch	SNOMEDCT	276177000	manual-negative	github:Luis-Manuel-Esquivel
ARI	0001146	Ophthalmoplegia due to Graves' disease	skos:exactMatch	MONDO	0001509	manual-negative	github:Luis-Manuel-Esquivel
ARI	0001146	Ophthalmoplegia due to Graves' disease	skos:exactMatch	MONDO	0018756	manual-negative	github:Luis-Manuel-Esquivel
ARI	0001146	Ophthalmoplegia due to Graves' disease	skos:exactMatch	ORPHA	466682	manual-negative	github:Luis-Manuel-Esquivel
ARI	0001146	Ophthalmoplegia due to Graves' disease	skos:exactMatch	umls	C0155264	manual-negative	github:Luis-Manuel-Esquivel
ARI	0001146	Ophthalmoplegia due to Graves' disease	skos:exactMatch	umls	C5680004	manual-negative	github:Luis-Manuel-Esquivel
ARI	0001149	Paraneoplastic cerebellar degeneration	skos:exactMatch	DOID	0050639	manual-negative	github:Luis-Manuel-Esquivel
ARI	0001149	Paraneoplastic cerebellar degeneration	skos:exactMatch	MONDO	0015301	manual-negative	github:Luis-Manuel-Esquivel
ARI	0001149	Paraneoplastic cerebellar degeneration	skos:exactMatch	ncit	C199391	manual-negative	github:Luis-Manuel-Esquivel
ARI	0001149	Paraneoplastic cerebellar degeneration	skos:exactMatch	ORPHA	137807	manual-negative	github:Luis-Manuel-Esquivel
ARI	0001149	Paraneoplastic cerebellar degeneration	skos:exactMatch	ORPHA	353220	manual-negative	github:Luis-Manuel-Esquivel
ARI	0001149	Paraneoplastic cerebellar degeneration	skos:exactMatch	umls	C0268397	manual-negative	github:Luis-Manuel-Esquivel
ARI	0001149	Paraneoplastic cerebellar degeneration	skos:exactMatch	mesh	C562642	manual-negative	github:Luis-Manuel-Esquivel
ARI	0001146	Ophthalmoplegia due to Graves' disease	skos:exactMatch	omop	4077943	manual-negative	github:Luis-Manuel-Esquivel
ARI	0001152	Paroxysmal nocturnal hemoglobinuria	skos:exactMatch	icd10cm	D59.6	manual-negative	github:Luis-Manuel-Esquivel
ARI	0001152	Paroxysmal nocturnal hemoglobinuria	skos:exactMatch	umls	C0086774	manual-negative	github:Luis-Manuel-Esquivel
ARI	0001170	Progressive hemifacial atrophy	skos:exactMatch	DOID	1757	manual	github:Luis-Manuel-Esquivel
ARI	0001170	Progressive hemifacial atrophy	skos:exactMatch	umls	C0015458	manual	github:Luis-Manuel-Esquivel
ARI	0001154	Pemphigus	skos:exactMatch	SNOMEDCT	46459009	manual-negative	github:Luis-Manuel-Esquivel
ARI	0001154	Pemphigus	skos:exactMatch	SNOMEDCT	36739006	manual-negative	github:Luis-Manuel-Esquivel
ARI	0001154	Pemphigus	skos:exactMatch	omop	4262682	manual-negative	github:Luis-Manuel-Esquivel
ARI	0001154	Pemphigus	skos:exactMatch	omop	4066821	manual-negative	github:Luis-Manuel-Esquivel
ARI	0001154	Pemphigus	skos:exactMatch	omop	4279526	manual-negative	github:Luis-Manuel-Esquivel
ARI	0001154	Pemphigus	skos:exactMatch	omop	4148690	manual-negative	github:Luis-Manuel-Esquivel
ARI	0001154	Pemphigus	skos:exactMatch	omop	4291435	manual-negative	github:Luis-Manuel-Esquivel
ARI	0001154	Pemphigus	skos:exactMatch	omop	4170723	manual-negative	github:Luis-Manuel-Esquivel
ARI	0001154	Pemphigus	skos:exactMatch	MONDO	0008219	manual-negative	github:Luis-Manuel-Esquivel
ARI	0001154	Pemphigus	skos:exactMatch	MONDO	0019323	manual-negative	github:Luis-Manuel-Esquivel
ARI	0001154	Pemphigus	skos:exactMatch	MONDO	0019324	manual-negative	github:Luis-Manuel-Esquivel
ARI	0001154	Pemphigus	skos:exactMatch	MONDO	0043257	manual-negative	github:Luis-Manuel-Esquivel
ARI	0001154	Pemphigus	skos:exactMatch	ORPHA	704	manual-negative	github:Luis-Manuel-Esquivel
ARI	0001154	Pemphigus	skos:exactMatch	ORPHA	79481	manual-negative	github:Luis-Manuel-Esquivel
ARI	0001154	Pemphigus	skos:exactMatch	ORPHA	636955	manual-negative	github:Luis-Manuel-Esquivel
ARI	0001154	Pemphigus	skos:exactMatch	ORPHA	79480	manual-negative	github:Luis-Manuel-Esquivel
ARI	0001163	Postmyocardial infarction syndrome	skos:exactMatch	SNOMEDCT	58600007	manual-negative	github:Luis-Manuel-Esquivel
ARI	0001163	Postmyocardial infarction syndrome	skos:exactMatch	SNOMEDCT	278536002	manual-negative	github:Luis-Manuel-Esquivel
ARI	0001163	Postmyocardial infarction syndrome	skos:exactMatch	omop	37311078	manual-negative	github:Luis-Manuel-Esquivel
ARI	0001163	Postmyocardial infarction syndrome	skos:exactMatch	omop	4239311	manual-negative	github:Luis-Manuel-Esquivel
ARI	0001163	Postmyocardial infarction syndrome	skos:exactMatch	omop	4150305	manual-negative	github:Luis-Manuel-Esquivel
ARI	0001164	Postural orthostatic tachycardia syndrome	skos:exactMatch	MONDO	0005469	manual-negative	github:Luis-Manuel-Esquivel
ARI	0001164	Postural orthostatic tachycardia syndrome	skos:exactMatch	icd10cm	I95.1	manual-negative	github:Luis-Manuel-Esquivel
ARI	0001164	Postural orthostatic tachycardia syndrome	skos:exactMatch	umls	C0020651	manual-negative	github:Luis-Manuel-Esquivel
ARI	0001173	Pure red cell aplasia	skos:exactMatch	ORPHA	98421	manual-negative	github:Luis-Manuel-Esquivel
ARI	0001175	Rasmussen syndrome	skos:exactMatch	SNOMEDCT	435341000124104	manual-negative	github:Luis-Manuel-Esquivel
ARI	0001175	Rasmussen syndrome	skos:exactMatch	omop	763040	manual-negative	github:Luis-Manuel-Esquivel
ARI	0001175	Rasmussen syndrome	skos:exactMatch	ncit	C125384	manual	github:Luis-Manuel-Esquivel
ARI	0001175	Rasmussen syndrome	skos:exactMatch	mesh	C535291	manual	github:Luis-Manuel-Esquivel
ARI	0001208	Uveitis	skos:exactMatch	MONDO	0000554	manual-negative	github:KrishnaTO
ARI	0001208	Uveitis	skos:exactMatch	MONDO	0020283	manual	github:KrishnaTO
ARI	0001189	Sjögren's disease	skos:exactMatch	DOID	12895	manual-negative	github:KrishnaTO
ARI	0001189	Sjögren's disease	skos:exactMatch	DOID	12894	manual	github:KrishnaTO
ARI	0001176	Secondary Raynaud's phenomenon	skos:exactMatch	DOID	10300	manual-negative	github:KrishnaTO
ARI	0001176	Secondary Raynaud's phenomenon	skos:exactMatch	DOID	NoTermFound	manual-absent	github:KrishnaTO
ARI	0001074	Cryptogenic organizing pneumonia	skos:exactMatch	DOID	2797	manual-negative	github:KrishnaTO
ARI	0001074	Cryptogenic organizing pneumonia	skos:exactMatch	DOID	0050157	manual	github:KrishnaTO
ARI	0001018	Antiphospholipid syndrome	skos:exactMatch	MONDO	0017278	manual-negative	github:KrishnaTO
ARI	0001018	Antiphospholipid syndrome	skos:exactMatch	MONDO	8000010	manual	github:KrishnaTO
ARI	0001002	Acquired hemophilia	skos:exactMatch	DOID	12134	manual-negative	github:KrishnaTO
ARI	0001060	Cataplexy and narcolepsy	skos:exactMatch	MONDO	0016158	manual-negative	github:KrishnaTO
ARI	0001060	Cataplexy and narcolepsy	skos:exactMatch	MONDO	0021107	manual	github:KrishnaTO
ARI	0001189	Sjögren's disease	skos:exactMatch	mesh	D007638	manual-negative	github:KrishnaTO
ARI	0001189	Sjögren's disease	skos:exactMatch	mesh	D012859	manual	github:KrishnaTO
ARI	0001189	Sjögren's disease	skos:exactMatch	umls	C0022575	manual-negative	github:KrishnaTO
ARI	0001189	Sjögren's disease	skos:exactMatch	umls	C1527336	manual	github:KrishnaTO
ARI	0001086	Eosinophilic esophagitis	skos:exactMatch	SNOMEDCT	235599003	manual	github:dileryfuentes
ARI	0001086	Eosinophilic esophagitis	skos:exactMatch	DOID	13922	manual	github:dileryfuentes
ARI	0001086	Eosinophilic esophagitis	skos:exactMatch	omop	27918	manual	github:dileryfuentes
ARI	0001086	Eosinophilic esophagitis	skos:exactMatch	MONDO	0005361	manual	github:dileryfuentes
ARI	0001086	Eosinophilic esophagitis	skos:exactMatch	ncit	C27105	manual	github:dileryfuentes
ARI	0001086	Eosinophilic esophagitis	skos:exactMatch	icd10cm	K20.0	manual	github:dileryfuentes
ARI	0001086	Eosinophilic esophagitis	skos:exactMatch	ORPHA	73247	manual	github:dileryfuentes
ARI	0001086	Eosinophilic esophagitis	skos:exactMatch	mesh	D057765	manual	github:dileryfuentes
ARI	0001089	Erythema nodosum	skos:exactMatch	SNOMEDCT	32861005	manual	github:dileryfuentes
ARI	0001089	Erythema nodosum	skos:exactMatch	omop	140176	manual	github:dileryfuentes
ARI	0001089	Erythema nodosum	skos:exactMatch	DOID	0080750	manual	github:dileryfuentes
ARI	0001089	Erythema nodosum	skos:exactMatch	MONDO	0850231	manual	github:dileryfuentes
ARI	0001089	Erythema nodosum	skos:exactMatch	icd10cm	L52	manual	github:dileryfuentes
ARI	0001089	Erythema nodosum	skos:exactMatch	mesh	D004893	manual	github:dileryfuentes
ARI	0001117	Juvenile Rheumatoid Arthritis	skos:exactMatch	SNOMEDCT	410795001	manual	github:dileryfuentes
ARI	0001117	Juvenile Rheumatoid Arthritis	skos:exactMatch	omop	4079731	manual	github:dileryfuentes
ARI	0001117	Juvenile Rheumatoid Arthritis	skos:exactMatch	omop	4259507	manual	github:dileryfuentes
ARI	0001117	Juvenile Rheumatoid Arthritis	skos:exactMatch	omop	4253901	manual	github:dileryfuentes
ARI	0001117	Juvenile Rheumatoid Arthritis	skos:exactMatch	DOID	676	manual-negative	github:dileryfuentes
ARI	0001117	Juvenile Rheumatoid Arthritis	skos:exactMatch	MONDO	0011429	manual	github:dileryfuentes
ARI	0001117	Juvenile Rheumatoid Arthritis	skos:exactMatch	MONDO	0024281	manual	github:dileryfuentes
ARI	0001117	Juvenile Rheumatoid Arthritis	skos:exactMatch	ncit	C26979	manual	github:dileryfuentes
ARI	0001117	Juvenile Rheumatoid Arthritis	skos:exactMatch	ncit	C61279	manual-negative	github:dileryfuentes
ARI	0001086	Eosinophilic esophagitis	skos:exactMatch	umls	C0341106	manual	github:dileryfuentes
ARI	0001126	Lupus vasculitis	skos:exactMatch	SNOMEDCT	239944008	manual	github:dileryfuentes
ARI	0001126	Lupus vasculitis	skos:exactMatch	omop	4344495	manual	github:dileryfuentes
ARI	0001129	Microscopic polyangiitis	skos:exactMatch	SNOMEDCT	1144805008	manual	github:dileryfuentes
ARI	0001129	Microscopic polyangiitis	skos:exactMatch	MONDO	0019124	manual	github:dileryfuentes
ARI	0001129	Microscopic polyangiitis	skos:exactMatch	ncit	C70549	manual	github:dileryfuentes
ARI	0001129	Microscopic polyangiitis	skos:exactMatch	icd10cm	M31.7	manual	github:dileryfuentes
ARI	0001129	Microscopic polyangiitis	skos:exactMatch	ORPHA	727	manual	github:dileryfuentes
ARI	0001129	Microscopic polyangiitis	skos:exactMatch	mesh	D055953	manual	github:dileryfuentes
ARI	0001117	Juvenile Rheumatoid Arthritis	skos:exactMatch	mesh	D001171	manual	github:dileryfuentes
ARI	0001134	Moyamoya disease	skos:exactMatch	SNOMEDCT	69116000	manual	github:dileryfuentes
ARI	0001134	Moyamoya disease	skos:exactMatch	omop	378774	manual	github:dileryfuentes
ARI	0001134	Moyamoya disease	skos:exactMatch	DOID	13099	manual	github:dileryfuentes
ARI	0001134	Moyamoya disease	skos:exactMatch	MONDO	0016820	manual	github:dileryfuentes
ARI	0001134	Moyamoya disease	skos:exactMatch	ncit	C84895	manual	github:dileryfuentes
ARI	0001134	Moyamoya disease	skos:exactMatch	icd10cm	I67.5	manual	github:dileryfuentes
ARI	0001134	Moyamoya disease	skos:exactMatch	ORPHA	2573	manual	github:dileryfuentes
ARI	0001134	Moyamoya disease	skos:exactMatch	umls	C0026654	manual	github:dileryfuentes
ARI	0001134	Moyamoya disease	skos:exactMatch	mesh	D009072	manual	github:dileryfuentes
ARI	0001136	Myasthenia gravis	skos:exactMatch	SNOMEDCT	91637004	manual	github:dileryfuentes
ARI	0001136	Myasthenia gravis	skos:exactMatch	DOID	437	manual	github:dileryfuentes
ARI	0001136	Myasthenia gravis	skos:exactMatch	MONDO	0009688	manual	github:dileryfuentes
ARI	0001136	Myasthenia gravis	skos:exactMatch	ncit	C60989	manual	github:dileryfuentes
ARI	0001136	Myasthenia gravis	skos:exactMatch	icd10cm	G70.0	manual	github:dileryfuentes
ARI	0001136	Myasthenia gravis	skos:exactMatch	ORPHA	589	manual	github:dileryfuentes
ARI	0001136	Myasthenia gravis	skos:exactMatch	umls	C0026896	manual	github:dileryfuentes
ARI	0001136	Myasthenia gravis	skos:exactMatch	mesh	D009157	manual	github:dileryfuentes
ARI	0001138	Myocarditis due to autoimmune disease	skos:exactMatch	SNOMEDCT	37217002	manual-negative	github:dileryfuentes
ARI	0001138	Myocarditis due to autoimmune disease	skos:exactMatch	SNOMEDCT	871640001	manual	github:dileryfuentes
ARI	0001200	Takayasu's arteritis	skos:exactMatch	SNOMEDCT	359789008	manual	github:dileryfuentes
ARI	0001200	Takayasu's arteritis	skos:exactMatch	omop	440740	manual	github:dileryfuentes
ARI	0001200	Takayasu's arteritis	skos:exactMatch	DOID	2508	manual	github:dileryfuentes
ARI	0001200	Takayasu's arteritis	skos:exactMatch	MONDO	0017991	manual	github:dileryfuentes
ARI	0001200	Takayasu's arteritis	skos:exactMatch	ncit	C35062	manual	github:dileryfuentes
ARI	0001200	Takayasu's arteritis	skos:exactMatch	icd10cm	M31.4	manual	github:dileryfuentes
ARI	0001200	Takayasu's arteritis	skos:exactMatch	ORPHA	3287	manual	github:dileryfuentes
ARI	0001200	Takayasu's arteritis	skos:exactMatch	umls	C0039263	manual	github:dileryfuentes
ARI	0001200	Takayasu's arteritis	skos:exactMatch	mesh	D013625	manual	github:dileryfuentes
ARI	0001189	Sjögren's disease	skos:exactMatch	SNOMEDCT	83901003	manual	github:dileryfuentes
ARI	0001189	Sjögren's disease	skos:exactMatch	omop	254443	manual	github:dileryfuentes
ARI	0001189	Sjögren's disease	skos:exactMatch	MONDO	0010030	manual	github:dileryfuentes
ARI	0001189	Sjögren's disease	skos:exactMatch	ncit	C26883	manual	github:dileryfuentes
ARI	0001189	Sjögren's disease	skos:exactMatch	ncit	C70647	manual-negative	github:dileryfuentes
ARI	0001189	Sjögren's disease	skos:exactMatch	icd10cm	M35.0	manual	github:dileryfuentes
ARI	0001189	Sjögren's disease	skos:exactMatch	ORPHA	378	manual	github:dileryfuentes
ARI	0001176	Secondary Raynaud's phenomenon	skos:exactMatch	SNOMEDCT	356198000	manual	github:dileryfuentes
ARI	0001176	Secondary Raynaud's phenomenon	skos:exactMatch	SNOMEDCT	266261006	manual-negative	github:dileryfuentes
ARI	0001176	Secondary Raynaud's phenomenon	skos:exactMatch	omop	4229162	manual	github:dileryfuentes
ARI	0001176	Secondary Raynaud's phenomenon	skos:exactMatch	MONDO	0008364	manual-negative	github:dileryfuentes
ARI	0001176	Secondary Raynaud's phenomenon	skos:exactMatch	ncit	C116359	manual	github:dileryfuentes
ARI	0001176	Secondary Raynaud's phenomenon	skos:exactMatch	icd10cm	I73.0	manual-negative	github:dileryfuentes
ARI	0001176	Secondary Raynaud's phenomenon	skos:exactMatch	umls	C0034734	manual-negative	github:dileryfuentes
ARI	0001176	Secondary Raynaud's phenomenon	skos:exactMatch	mesh	D011928	manual-negative	github:dileryfuentes
ARI	0001140	Necrotizing vasculitis	skos:exactMatch	SNOMEDCT	11791001	manual	github:dileryfuentes
ARI	0001140	Necrotizing vasculitis	skos:exactMatch	omop	4039691	manual	github:dileryfuentes
ARI	0001140	Necrotizing vasculitis	skos:exactMatch	MONDO	0800113	manual	github:dileryfuentes
ARI	0001140	Necrotizing vasculitis	skos:exactMatch	ncit	C70635	manual	github:dileryfuentes
ARI	0001140	Necrotizing vasculitis	skos:exactMatch	umls	C1318520	manual	github:dileryfuentes
ARI	0001169	Primary sclerosing cholangitis	skos:exactMatch	SNOMEDCT	197441003	manual	github:dileryfuentes
ARI	0001169	Primary sclerosing cholangitis	skos:exactMatch	omop	4058821	manual	github:dileryfuentes
ARI	0001169	Primary sclerosing cholangitis	skos:exactMatch	DOID	0060643	manual	github:dileryfuentes
ARI	0001169	Primary sclerosing cholangitis	skos:exactMatch	MONDO	0013433	manual	github:dileryfuentes
ARI	0001169	Primary sclerosing cholangitis	skos:exactMatch	ncit	C4828	manual	github:dileryfuentes
ARI	0001169	Primary sclerosing cholangitis	skos:exactMatch	icd10cm	K83.01	manual	github:dileryfuentes
ARI	0001169	Primary sclerosing cholangitis	skos:exactMatch	ORPHA	171	manual	github:dileryfuentes
ARI	0001169	Primary sclerosing cholangitis	skos:exactMatch	ORPHA	447771	manual-negative	github:dileryfuentes
ARI	0001169	Primary sclerosing cholangitis	skos:exactMatch	umls	C0566602	manual	github:dileryfuentes
ARI	0001169	Primary sclerosing cholangitis	skos:exactMatch	mesh	D015209	manual	github:dileryfuentes
ARI	0001172	Psoriatic arthritis	skos:exactMatch	SNOMEDCT	33339001	manual	github:dileryfuentes
ARI	0001172	Psoriatic arthritis	skos:exactMatch	SNOMEDCT	156370009	manual	github:dileryfuentes
ARI	0001172	Psoriatic arthritis	skos:exactMatch	omop	40319772	manual	github:dileryfuentes
ARI	0001172	Psoriatic arthritis	skos:exactMatch	DOID	9008	manual	github:dileryfuentes
ARI	0001172	Psoriatic arthritis	skos:exactMatch	MONDO	0011849	manual	github:dileryfuentes
ARI	0001172	Psoriatic arthritis	skos:exactMatch	ncit	C61277	manual	github:dileryfuentes
ARI	0001172	Psoriatic arthritis	skos:exactMatch	icd10cm	L40.5	manual	github:dileryfuentes
ARI	0001172	Psoriatic arthritis	skos:exactMatch	ORPHA	40050	manual	github:dileryfuentes
ARI	0001172	Psoriatic arthritis	skos:exactMatch	umls	C0003872	manual	github:dileryfuentes
ARI	0001172	Psoriatic arthritis	skos:exactMatch	mesh	D015535	manual	github:dileryfuentes
ARI	0001185	Rheumatoid vasculitis	skos:exactMatch	SNOMEDCT	400054000	manual	github:dileryfuentes
ARI	0001185	Rheumatoid vasculitis	skos:exactMatch	omop	4271003	manual	github:dileryfuentes
ARI	0001185	Rheumatoid vasculitis	skos:exactMatch	MONDO	0043267	manual	github:dileryfuentes
ARI	0001185	Rheumatoid vasculitis	skos:exactMatch	umls	C0240903	manual	github:dileryfuentes
ARI	0001185	Rheumatoid vasculitis	skos:exactMatch	mesh	D056653	manual	github:dileryfuentes
ARI	0001177	Reactive arthritis	skos:exactMatch	SNOMEDCT	201736002	manual	github:dileryfuentes
ARI	0001177	Reactive arthritis	skos:exactMatch	SNOMEDCT	67224007	manual-negative	github:dileryfuentes
ARI	0001177	Reactive arthritis	skos:exactMatch	omop	40399768	manual	github:dileryfuentes
ARI	0001177	Reactive arthritis	skos:exactMatch	omop	78357	manual-negative	github:dileryfuentes
ARI	0001177	Reactive arthritis	skos:exactMatch	DOID	6196	manual	github:dileryfuentes
ARI	0001177	Reactive arthritis	skos:exactMatch	MONDO	0017376	manual	github:dileryfuentes
ARI	0001177	Reactive arthritis	skos:exactMatch	ncit	C34975	manual-negative	github:dileryfuentes
ARI	0001177	Reactive arthritis	skos:exactMatch	icd10cm	M02.3	manual-negative	github:dileryfuentes
ARI	0001177	Reactive arthritis	skos:exactMatch	ORPHA	29207	manual	github:dileryfuentes
ARI	0001177	Reactive arthritis	skos:exactMatch	umls	C0035012	manual-negative	github:dileryfuentes
ARI	0001177	Reactive arthritis	skos:exactMatch	mesh	D016918	manual	github:dileryfuentes
ARI	0001023	Autoimmune angioedema	skos:exactMatch	SNOMEDCT	402401003	manual	github:dileryfuentes
ARI	0001023	Autoimmune angioedema	skos:exactMatch	omop	4224624	manual	github:dileryfuentes
ARI	0001138	Myocarditis due to autoimmune disease	skos:exactMatch	omop	3656114	manual	github:dileryfuentes
ARI	0001138	Myocarditis due to autoimmune disease	skos:exactMatch	DOID	0040095	manual-negative	github:dileryfuentes
ARI	0001138	Myocarditis due to autoimmune disease	skos:exactMatch	MONDO	0030701	manual-negative	github:dileryfuentes
ARI	0001138	Myocarditis due to autoimmune disease	skos:exactMatch	MONDO	0022519	manual	github:dileryfuentes
ARI	0001138	Myocarditis due to autoimmune disease	skos:exactMatch	umls	C1608389	manual	github:dileryfuentes
ARI	0001179	Restless legs	skos:exactMatch	SNOMEDCT	32914008	manual	github:dileryfuentes
ARI	0001179	Restless legs	skos:exactMatch	omop	73754	manual	github:dileryfuentes
ARI	0001179	Restless legs	skos:exactMatch	DOID	0050425	manual	github:dileryfuentes
ARI	0001179	Restless legs	skos:exactMatch	MONDO	0005391	manual	github:dileryfuentes
ARI	0001179	Restless legs	skos:exactMatch	ncit	C84501	manual	github:dileryfuentes
ARI	0001179	Restless legs	skos:exactMatch	icd10cm	G25.81	manual	github:dileryfuentes
ARI	0001179	Restless legs	skos:exactMatch	umls	C0035258	manual	github:dileryfuentes
ARI	0001179	Restless legs	skos:exactMatch	mesh	D012148	manual	github:dileryfuentes
ARI	0001184	Rheumatoid arthritis	skos:exactMatch	SNOMEDCT	69896004	manual	github:dileryfuentes
ARI	0001184	Rheumatoid arthritis	skos:exactMatch	omop	80809	manual	github:dileryfuentes
ARI	0001184	Rheumatoid arthritis	skos:exactMatch	DOID	7148	manual	github:dileryfuentes
ARI	0001184	Rheumatoid arthritis	skos:exactMatch	MONDO	0008383	manual	github:dileryfuentes
ARI	0001184	Rheumatoid arthritis	skos:exactMatch	ncit	C2884	manual	github:dileryfuentes
ARI	0001184	Rheumatoid arthritis	skos:exactMatch	icd10cm	M06.9	manual	github:dileryfuentes
ARI	0001184	Rheumatoid arthritis	skos:exactMatch	ORPHA	284130	manual	github:dileryfuentes
ARI	0001184	Rheumatoid arthritis	skos:exactMatch	umls	C0003873	manual	github:dileryfuentes
ARI	0001184	Rheumatoid arthritis	skos:exactMatch	mesh	D001172	manual	github:dileryfuentes
ARI	0001186	Sarcoidosis	skos:exactMatch	SNOMEDCT	31541009	manual	github:dileryfuentes
ARI	0001186	Sarcoidosis	skos:exactMatch	omop	438688	manual	github:dileryfuentes
ARI	0001186	Sarcoidosis	skos:exactMatch	DOID	11335	manual	github:dileryfuentes
ARI	0001186	Sarcoidosis	skos:exactMatch	MONDO	0019338	manual	github:dileryfuentes
ARI	0001186	Sarcoidosis	skos:exactMatch	ncit	C34995	manual	github:dileryfuentes
ARI	0001186	Sarcoidosis	skos:exactMatch	icd10cm	D86	manual	github:dileryfuentes
ARI	0001186	Sarcoidosis	skos:exactMatch	ORPHA	797	manual	github:dileryfuentes
ARI	0001186	Sarcoidosis	skos:exactMatch	umls	C0036202	manual	github:dileryfuentes
ARI	0001186	Sarcoidosis	skos:exactMatch	mesh	D012507	manual	github:dileryfuentes
ARI	0001129	Microscopic polyangiitis	skos:exactMatch	omop	606328	manual	github:dileryfuentes
ARI	0001089	Erythema nodosum	skos:exactMatch	umls	C0014743	manual-negative	github:dileryfuentes
ARI	0001117	Juvenile Rheumatoid Arthritis	skos:exactMatch	SNOMEDCT	239796000	manual-negative	github:dileryfuentes
ARI	0001117	Juvenile Rheumatoid Arthritis	skos:exactMatch	icd10cm	M08.4	manual-negative	github:dileryfuentes
ARI	0001117	Juvenile Rheumatoid Arthritis	skos:exactMatch	ORPHA	92	manual-negative	github:dileryfuentes
ARI	0001117	Juvenile Rheumatoid Arthritis	skos:exactMatch	ORPHA	85410	manual-negative	github:dileryfuentes
ARI	0001117	Juvenile Rheumatoid Arthritis	skos:exactMatch	umls	C0409667	manual-negative	github:dileryfuentes
ARI	0001117	Juvenile Rheumatoid Arthritis	skos:exactMatch	umls	C0157917	manual-negative	github:dileryfuentes
ARI	0001117	Juvenile Rheumatoid Arthritis	skos:exactMatch	umls	C0157918	manual-negative	github:dileryfuentes
ARI	0001117	Juvenile Rheumatoid Arthritis	skos:exactMatch	umls	C0157916	manual-negative	github:dileryfuentes
ARI	0001117	Juvenile Rheumatoid Arthritis	skos:exactMatch	mesh	C536312	manual-negative	github:dileryfuentes
ARI	0001129	Microscopic polyangiitis	skos:exactMatch	umls	C2347126	manual-negative	github:dileryfuentes
ARI	0001134	Moyamoya disease	skos:exactMatch	MONDO	0009649	manual-negative	github:dileryfuentes
ARI	0001134	Moyamoya disease	skos:exactMatch	ORPHA	280679	manual-negative	github:dileryfuentes
ARI	0001134	Moyamoya disease	skos:exactMatch	ORPHA	401945	manual-negative	github:dileryfuentes
ARI	0001136	Myasthenia gravis	skos:exactMatch	omop	76685	manual	github:dileryfuentes
ARI	0001136	Myasthenia gravis	skos:exactMatch	icd10cm	G70.00	manual-negative	github:dileryfuentes
ARI	0001200	Takayasu's arteritis	skos:exactMatch	ncit	C34391	manual-negative	github:dileryfuentes
ARI	0001200	Takayasu's arteritis	skos:exactMatch	ORPHA	99079	manual-negative	github:dileryfuentes
ARI	0001200	Takayasu's arteritis	skos:exactMatch	umls	C0003490	manual-negative	github:dileryfuentes
ARI	0001200	Takayasu's arteritis	skos:exactMatch	mesh	D001015	manual-negative	github:dileryfuentes
ARI	0001189	Sjögren's disease	skos:exactMatch	MONDO	0000948	manual-negative	github:dileryfuentes
ARI	0001189	Sjögren's disease	skos:exactMatch	MONDO	0006733	manual-negative	github:dileryfuentes
ARI	0001189	Sjögren's disease	skos:exactMatch	MONDO	0800120	manual-negative	github:dileryfuentes
ARI	0001189	Sjögren's disease	skos:exactMatch	ncit	C34553	manual-negative	github:dileryfuentes
ARI	0001189	Sjögren's disease	skos:exactMatch	ncit	C34503	manual-negative	github:dileryfuentes
ARI	0001189	Sjögren's disease	skos:exactMatch	icd10cm	H04.12	manual-negative	github:dileryfuentes
ARI	0001189	Sjögren's disease	skos:exactMatch	ORPHA	289390	manual-negative	github:dileryfuentes
ARI	0001189	Sjögren's disease	skos:exactMatch	ORPHA	800	manual-negative	github:dileryfuentes
ARI	0001176	Secondary Raynaud's phenomenon	skos:exactMatch	omop	4143972	manual-negative	github:dileryfuentes
ARI	0001136	Myasthenia gravis	skos:exactMatch	umls	C1260409	manual	github:dileryfuentes
ARI	0001172	Psoriatic arthritis	skos:exactMatch	omop	81931	manual-negative	github:dileryfuentes
ARI	0001177	Reactive arthritis	skos:exactMatch	icd10cm	M02.10	manual-negative	github:dileryfuentes
ARI	0001177	Reactive arthritis	skos:exactMatch	umls	C0152085	manual	github:dileryfuentes
ARI	0001138	Myocarditis due to autoimmune disease	skos:exactMatch	omop	321578	manual-negative	github:dileryfuentes
ARI	0001186	Sarcoidosis	skos:exactMatch	SNOMEDCT	238676008	manual-negative	github:dileryfuentes
ARI	0001186	Sarcoidosis	skos:exactMatch	SNOMEDCT	72470008	manual-negative	github:dileryfuentes
ARI	0001186	Sarcoidosis	skos:exactMatch	omop	4081069	manual-negative	github:dileryfuentes
ARI	0001186	Sarcoidosis	skos:exactMatch	omop	4216556	manual-negative	github:dileryfuentes
ARI	0001186	Sarcoidosis	skos:exactMatch	MONDO	0020666	manual-negative	github:dileryfuentes
ARI	0001031	Autoimmune gastritis	skos:exactMatch	SNOMEDCT	84568007	manual	github:medinatinajeropablo-dot
ARI	0001031	Autoimmune gastritis	skos:exactMatch	omop	192667	manual	github:medinatinajeropablo-dot
ARI	0001031	Autoimmune gastritis	skos:exactMatch	DOID	0040090	manual	github:medinatinajeropablo-dot
ARI	0001031	Autoimmune gastritis	skos:exactMatch	MONDO	0031014	manual	github:medinatinajeropablo-dot
ARI	0001031	Autoimmune gastritis	skos:exactMatch	ncit	C95752	manual	github:medinatinajeropablo-dot
ARI	0001031	Autoimmune gastritis	skos:exactMatch	mesh	D005757	manual-negative	github:medinatinajeropablo-dot
ARI	0001032	Autoimmune hemolytic anemia	skos:exactMatch	SNOMEDCT	413603009	manual	github:medinatinajeropablo-dot
ARI	0001032	Autoimmune hemolytic anemia	skos:exactMatch	omop	441269	manual	github:medinatinajeropablo-dot
ARI	0001032	Autoimmune hemolytic anemia	skos:exactMatch	DOID	718	manual	github:medinatinajeropablo-dot
ARI	0001032	Autoimmune hemolytic anemia	skos:exactMatch	MONDO	0020108	manual	github:medinatinajeropablo-dot
ARI	0001032	Autoimmune hemolytic anemia	skos:exactMatch	ncit	C34378	manual	github:medinatinajeropablo-dot
ARI	0001032	Autoimmune hemolytic anemia	skos:exactMatch	ORPHA	98375	manual	github:medinatinajeropablo-dot
ARI	0001032	Autoimmune hemolytic anemia	skos:exactMatch	mesh	D000744	manual	github:medinatinajeropablo-dot
ARI	0001033	Autoimmune hepatitis	skos:exactMatch	SNOMEDCT	408335007	manual	github:medinatinajeropablo-dot
ARI	0001033	Autoimmune hepatitis	skos:exactMatch	omop	200762	manual	github:medinatinajeropablo-dot
ARI	0001033	Autoimmune hepatitis	skos:exactMatch	DOID	2048	manual	github:medinatinajeropablo-dot
ARI	0001033	Autoimmune hepatitis	skos:exactMatch	MONDO	0016264	manual	github:medinatinajeropablo-dot
ARI	0001033	Autoimmune hepatitis	skos:exactMatch	icd10cm	K75.4	manual	github:medinatinajeropablo-dot
ARI	0001033	Autoimmune hepatitis	skos:exactMatch	ORPHA	2137	manual	github:medinatinajeropablo-dot
ARI	0001033	Autoimmune hepatitis	skos:exactMatch	mesh	D019693	manual	github:medinatinajeropablo-dot
ARI	0001048	Autoimmune thyroiditis	skos:exactMatch	MONDO	0005623	manual	github:medinatinajeropablo-dot
ARI	0001048	Autoimmune thyroiditis	skos:exactMatch	MONDO	0007699	manual-negative	github:medinatinajeropablo-dot
ARI	0001048	Autoimmune thyroiditis	skos:exactMatch	ORPHA	855	manual	github:medinatinajeropablo-dot
ARI	0001052	Balo concentric sclerosis	skos:exactMatch	MONDO	0016430	manual	github:medinatinajeropablo-dot
ARI	0001052	Balo concentric sclerosis	skos:exactMatch	ncit	C197875	manual	github:medinatinajeropablo-dot
ARI	0001052	Balo concentric sclerosis	skos:exactMatch	icd10cm	G37.5	manual	github:medinatinajeropablo-dot
ARI	0001052	Balo concentric sclerosis	skos:exactMatch	ORPHA	228165	manual	github:medinatinajeropablo-dot
ARI	0001053	Behçet's syndrome	skos:exactMatch	MONDO	0007191	manual	github:medinatinajeropablo-dot
ARI	0001053	Behçet's syndrome	skos:exactMatch	ORPHA	117	manual	github:medinatinajeropablo-dot
ARI	0001054	Benign mucous membrane pemphigoid	skos:exactMatch	MONDO	0018746	manual	github:medinatinajeropablo-dot
ARI	0001054	Benign mucous membrane pemphigoid	skos:exactMatch	ORPHA	46486	manual	github:medinatinajeropablo-dot
ARI	0001091	Evans syndrome	skos:exactMatch	SNOMEDCT	75331009	manual	github:medinatinajeropablo-dot
ARI	0001091	Evans syndrome	skos:exactMatch	omop	436956	manual	github:medinatinajeropablo-dot
ARI	0001091	Evans syndrome	skos:exactMatch	DOID	8931	manual	github:medinatinajeropablo-dot
ARI	0001091	Evans syndrome	skos:exactMatch	MONDO	0016030	manual	github:medinatinajeropablo-dot
ARI	0001091	Evans syndrome	skos:exactMatch	ncit	C61284	manual	github:medinatinajeropablo-dot
ARI	0001091	Evans syndrome	skos:exactMatch	icd10cm	D69.41	manual	github:medinatinajeropablo-dot
ARI	0001091	Evans syndrome	skos:exactMatch	ORPHA	1959	manual	github:medinatinajeropablo-dot
ARI	0001091	Evans syndrome	skos:exactMatch	mesh	C536380	manual	github:medinatinajeropablo-dot
ARI	0001118	Lichen planus	skos:exactMatch	SNOMEDCT	4776004	manual	github:medinatinajeropablo-dot
ARI	0001118	Lichen planus	skos:exactMatch	omop	132703	manual	github:medinatinajeropablo-dot
ARI	0001118	Lichen planus	skos:exactMatch	DOID	9201	manual	github:medinatinajeropablo-dot
ARI	0001118	Lichen planus	skos:exactMatch	MONDO	0006572	manual	github:medinatinajeropablo-dot
ARI	0001118	Lichen planus	skos:exactMatch	ncit	C3189	manual	github:medinatinajeropablo-dot
ARI	0001118	Lichen planus	skos:exactMatch	icd10cm	L43	manual	github:medinatinajeropablo-dot
ARI	0001118	Lichen planus	skos:exactMatch	mesh	D008010	manual	github:medinatinajeropablo-dot
ARI	0001119	Lichen sclerosus	skos:exactMatch	SNOMEDCT	895454001	manual	github:medinatinajeropablo-dot
ARI	0001119	Lichen sclerosus	skos:exactMatch	omop	619430	manual	github:medinatinajeropablo-dot
ARI	0001119	Lichen sclerosus	skos:exactMatch	DOID	13477	manual-negative	github:medinatinajeropablo-dot
ARI	0001119	Lichen sclerosus	skos:exactMatch	MONDO	0001725	manual-negative	github:medinatinajeropablo-dot
ARI	0001119	Lichen sclerosus	skos:exactMatch	MONDO	0007899	manual	github:medinatinajeropablo-dot
ARI	0001119	Lichen sclerosus	skos:exactMatch	ncit	C3523	manual-negative	github:medinatinajeropablo-dot
ARI	0001119	Lichen sclerosus	skos:exactMatch	ncit	C26817	manual	github:medinatinajeropablo-dot
ARI	0001119	Lichen sclerosus	skos:exactMatch	ORPHA	33409	manual	github:medinatinajeropablo-dot
ARI	0001119	Lichen sclerosus	skos:exactMatch	mesh	D018459	manual	github:medinatinajeropablo-dot
ARI	0001119	Lichen sclerosus	skos:exactMatch	mesh	D052798	manual-negative	github:medinatinajeropablo-dot
ARI	0001125	Lipomatosis dolorosa	skos:exactMatch	SNOMEDCT	71404003	manual	github:medinatinajeropablo-dot
ARI	0001125	Lipomatosis dolorosa	skos:exactMatch	omop	4324974	manual	github:medinatinajeropablo-dot
ARI	0001125	Lipomatosis dolorosa	skos:exactMatch	DOID	3928	manual	github:medinatinajeropablo-dot
ARI	0001125	Lipomatosis dolorosa	skos:exactMatch	MONDO	0007070	manual	github:medinatinajeropablo-dot
ARI	0001125	Lipomatosis dolorosa	skos:exactMatch	ncit	C84540	manual	github:medinatinajeropablo-dot
ARI	0001125	Lipomatosis dolorosa	skos:exactMatch	ORPHA	36397	manual	github:medinatinajeropablo-dot
ARI	0001125	Lipomatosis dolorosa	skos:exactMatch	mesh	D000274	manual	github:medinatinajeropablo-dot
ARI	0001031	Autoimmune gastritis	skos:exactMatch	umls	C3887639	manual	github:medinatinajeropablo-dot
ARI	0001032	Autoimmune hemolytic anemia	skos:exactMatch	umls	C0002880	manual	github:medinatinajeropablo-dot
ARI	0001052	Balo concentric sclerosis	skos:exactMatch	umls	C0004712	manual	github:medinatinajeropablo-dot
ARI	0001091	Evans syndrome	skos:exactMatch	umls	C0272126	manual	github:medinatinajeropablo-dot
ARI	0001118	Lichen planus	skos:exactMatch	umls	C0023646	manual	github:medinatinajeropablo-dot
ARI	0001119	Lichen sclerosus	skos:exactMatch	umls	C0152460	manual-negative	github:medinatinajeropablo-dot
ARI	0001119	Lichen sclerosus	skos:exactMatch	umls	C0023652	manual	github:medinatinajeropablo-dot
ARI	0001125	Lipomatosis dolorosa	skos:exactMatch	umls	C0001529	manual	github:medinatinajeropablo-dot
ARI	0001128	Microscopic colitis	skos:exactMatch	SNOMEDCT	235753003	manual	github:medinatinajeropablo-dot
ARI	0001128	Microscopic colitis	skos:exactMatch	omop	4340799	manual	github:medinatinajeropablo-dot
ARI	0001128	Microscopic colitis	skos:exactMatch	DOID	0060182	manual	github:medinatinajeropablo-dot
ARI	0001128	Microscopic colitis	skos:exactMatch	MONDO	0000702	manual	github:medinatinajeropablo-dot
ARI	0001128	Microscopic colitis	skos:exactMatch	ncit	C38504	manual	github:medinatinajeropablo-dot
ARI	0001128	Microscopic colitis	skos:exactMatch	icd10cm	K52.83	manual	github:medinatinajeropablo-dot
ARI	0001128	Microscopic colitis	skos:exactMatch	umls	C0400821	manual	github:medinatinajeropablo-dot
ARI	0001128	Microscopic colitis	skos:exactMatch	mesh	D046728	manual	github:medinatinajeropablo-dot
ARI	0001130	Mixed collagen vascular disease	skos:exactMatch	SNOMEDCT	398049005	manual	github:medinatinajeropablo-dot
ARI	0001130	Mixed collagen vascular disease	skos:exactMatch	omop	4134867	manual	github:medinatinajeropablo-dot
ARI	0001130	Mixed collagen vascular disease	skos:exactMatch	DOID	3492	manual	github:medinatinajeropablo-dot
ARI	0001130	Mixed collagen vascular disease	skos:exactMatch	MONDO	0005854	manual	github:medinatinajeropablo-dot
ARI	0001130	Mixed collagen vascular disease	skos:exactMatch	ncit	C84892	manual	github:medinatinajeropablo-dot
ARI	0001130	Mixed collagen vascular disease	skos:exactMatch	icd10cm	M35.1	manual	github:medinatinajeropablo-dot
ARI	0001130	Mixed collagen vascular disease	skos:exactMatch	ORPHA	809	manual	github:medinatinajeropablo-dot
ARI	0001130	Mixed collagen vascular disease	skos:exactMatch	umls	C0026272	manual	github:medinatinajeropablo-dot
ARI	0001130	Mixed collagen vascular disease	skos:exactMatch	mesh	D008947	manual	github:medinatinajeropablo-dot
ARI	0001161	Polymyalgia rheumatica	skos:exactMatch	SNOMEDCT	65323003	manual	github:medinatinajeropablo-dot
ARI	0001161	Polymyalgia rheumatica	skos:exactMatch	omop	255348	manual	github:medinatinajeropablo-dot
ARI	0001161	Polymyalgia rheumatica	skos:exactMatch	DOID	853	manual	github:medinatinajeropablo-dot
ARI	0001161	Polymyalgia rheumatica	skos:exactMatch	MONDO	0019735	manual	github:medinatinajeropablo-dot
ARI	0001161	Polymyalgia rheumatica	skos:exactMatch	ncit	C85018	manual	github:medinatinajeropablo-dot
ARI	0001161	Polymyalgia rheumatica	skos:exactMatch	icd10cm	M35.3	manual	github:medinatinajeropablo-dot
ARI	0001161	Polymyalgia rheumatica	skos:exactMatch	ORPHA	93569	manual	github:medinatinajeropablo-dot
ARI	0001161	Polymyalgia rheumatica	skos:exactMatch	umls	C0032533	manual	github:medinatinajeropablo-dot
ARI	0001161	Polymyalgia rheumatica	skos:exactMatch	mesh	D011111	manual	github:medinatinajeropablo-dot
ARI	0001178	Relapsing polychondritis	skos:exactMatch	SNOMEDCT	72275000	manual	github:medinatinajeropablo-dot
ARI	0001178	Relapsing polychondritis	skos:exactMatch	omop	4216873	manual	github:medinatinajeropablo-dot
ARI	0001178	Relapsing polychondritis	skos:exactMatch	DOID	2556	manual	github:medinatinajeropablo-dot
ARI	0001178	Relapsing polychondritis	skos:exactMatch	MONDO	0019125	manual	github:medinatinajeropablo-dot
ARI	0001178	Relapsing polychondritis	skos:exactMatch	ncit	C157268	manual	github:medinatinajeropablo-dot
ARI	0001178	Relapsing polychondritis	skos:exactMatch	icd10cm	M94.1	manual	github:medinatinajeropablo-dot
ARI	0001178	Relapsing polychondritis	skos:exactMatch	ORPHA	728	manual	github:medinatinajeropablo-dot
ARI	0001178	Relapsing polychondritis	skos:exactMatch	umls	C0032453	manual	github:medinatinajeropablo-dot
ARI	0001178	Relapsing polychondritis	skos:exactMatch	mesh	D011081	manual	github:medinatinajeropablo-dot
ARI	0001197	Systemic mast cell disease	skos:exactMatch	SNOMEDCT	397016004	manual	github:medinatinajeropablo-dot
ARI	0001197	Systemic mast cell disease	skos:exactMatch	omop	4246284	manual	github:medinatinajeropablo-dot
ARI	0001197	Systemic mast cell disease	skos:exactMatch	DOID	349	manual	github:medinatinajeropablo-dot
ARI	0001197	Systemic mast cell disease	skos:exactMatch	MONDO	0016586	manual	github:medinatinajeropablo-dot
ARI	0001197	Systemic mast cell disease	skos:exactMatch	ncit	C9235	manual	github:medinatinajeropablo-dot
ARI	0001197	Systemic mast cell disease	skos:exactMatch	icd10cm	D47.02	manual	github:medinatinajeropablo-dot
ARI	0001197	Systemic mast cell disease	skos:exactMatch	ORPHA	2467	manual	github:medinatinajeropablo-dot
ARI	0001197	Systemic mast cell disease	skos:exactMatch	umls	C0221013	manual	github:medinatinajeropablo-dot
ARI	0001197	Systemic mast cell disease	skos:exactMatch	mesh	D034721	manual	github:medinatinajeropablo-dot
ARI	0001199	Systemic sclerosis with limited cutaneous involvement	skos:exactMatch	DOID	1577	manual	github:medinatinajeropablo-dot
ARI	0001199	Systemic sclerosis with limited cutaneous involvement	skos:exactMatch	MONDO	0016358	manual	github:medinatinajeropablo-dot
ARI	0001199	Systemic sclerosis with limited cutaneous involvement	skos:exactMatch	ORPHA	220402	manual	github:medinatinajeropablo-dot
ARI	0001199	Systemic sclerosis with limited cutaneous involvement	skos:exactMatch	umls	C5574860	manual	github:medinatinajeropablo-dot
ARI	0001199	Systemic sclerosis with limited cutaneous involvement	skos:exactMatch	mesh	D045745	manual	github:medinatinajeropablo-dot
ARI	0001205	Ulcerative colitis	skos:exactMatch	SNOMEDCT	64766004	manual	github:medinatinajeropablo-dot
ARI	0001205	Ulcerative colitis	skos:exactMatch	omop	81893	manual	github:medinatinajeropablo-dot
ARI	0001205	Ulcerative colitis	skos:exactMatch	DOID	8577	manual	github:medinatinajeropablo-dot
ARI	0001205	Ulcerative colitis	skos:exactMatch	MONDO	0005101	manual	github:medinatinajeropablo-dot
ARI	0001205	Ulcerative colitis	skos:exactMatch	ncit	C2952	manual	github:medinatinajeropablo-dot
ARI	0001205	Ulcerative colitis	skos:exactMatch	icd10cm	K51	manual	github:medinatinajeropablo-dot
ARI	0001205	Ulcerative colitis	skos:exactMatch	ORPHA	771	manual	github:medinatinajeropablo-dot
ARI	0001205	Ulcerative colitis	skos:exactMatch	umls	C0009324	manual	github:medinatinajeropablo-dot
ARI	0001205	Ulcerative colitis	skos:exactMatch	mesh	D003093	manual	github:medinatinajeropablo-dot
ARI	0001208	Uveitis	skos:exactMatch	ncit	C26909	manual	github:medinatinajeropablo-dot
ARI	0001208	Uveitis	skos:exactMatch	icd10cm	H20.9	manual	github:medinatinajeropablo-dot
ARI	0001208	Uveitis	skos:exactMatch	ORPHA	98715	manual	github:medinatinajeropablo-dot
ARI	0001208	Uveitis	skos:exactMatch	umls	C0042164	manual	github:medinatinajeropablo-dot
ARI	0001208	Uveitis	skos:exactMatch	mesh	D014605	manual	github:medinatinajeropablo-dot
ARI	0001210	Vogt-Koyanagi-Harada disease	skos:exactMatch	SNOMEDCT	193497004	manual	github:medinatinajeropablo-dot
ARI	0001210	Vogt-Koyanagi-Harada disease	skos:exactMatch	omop	4108968	manual	github:medinatinajeropablo-dot
ARI	0001210	Vogt-Koyanagi-Harada disease	skos:exactMatch	DOID	12297	manual	github:medinatinajeropablo-dot
ARI	0001210	Vogt-Koyanagi-Harada disease	skos:exactMatch	MONDO	0018092	manual	github:medinatinajeropablo-dot
ARI	0001210	Vogt-Koyanagi-Harada disease	skos:exactMatch	ORPHA	3437	manual	github:medinatinajeropablo-dot
ARI	0001210	Vogt-Koyanagi-Harada disease	skos:exactMatch	mesh	D014607	manual	github:medinatinajeropablo-dot
ARI	0001210	Vogt-Koyanagi-Harada disease	skos:exactMatch	icd10cm	H20.82	manual	github:medinatinajeropablo-dot
ARI	0001031	Autoimmune gastritis	skos:exactMatch	SNOMEDCT	84027009	manual-negative	github:medinatinajeropablo-dot
ARI	0001031	Autoimmune gastritis	skos:exactMatch	SNOMEDCT	235728001	manual-negative	github:medinatinajeropablo-dot
ARI	0001031	Autoimmune gastritis	skos:exactMatch	omop	4341626	manual-negative	github:medinatinajeropablo-dot
ARI	0001031	Autoimmune gastritis	skos:exactMatch	omop	432295	manual-negative	github:medinatinajeropablo-dot
ARI	0001031	Autoimmune gastritis	skos:exactMatch	MONDO	0006665	manual-negative	github:medinatinajeropablo-dot
ARI	0001031	Autoimmune gastritis	skos:exactMatch	MONDO	0008228	manual-negative	github:medinatinajeropablo-dot
ARI	0001031	Autoimmune gastritis	skos:exactMatch	MONDO	0019787	manual-negative	github:medinatinajeropablo-dot
ARI	0001031	Autoimmune gastritis	skos:exactMatch	ncit	C2871	manual-negative	github:medinatinajeropablo-dot
ARI	0001031	Autoimmune gastritis	skos:exactMatch	ncit	C7405	manual-negative	github:medinatinajeropablo-dot
ARI	0001031	Autoimmune gastritis	skos:exactMatch	ncit	C94694	manual-negative	github:medinatinajeropablo-dot
ARI	0001031	Autoimmune gastritis	skos:exactMatch	icd10cm	D51.0	manual-negative	github:medinatinajeropablo-dot
ARI	0001031	Autoimmune gastritis	skos:exactMatch	icd10cm	K29.4	manual-negative	github:medinatinajeropablo-dot
ARI	0001031	Autoimmune gastritis	skos:exactMatch	ORPHA	120	manual-negative	github:medinatinajeropablo-dot
ARI	0001031	Autoimmune gastritis	skos:exactMatch	ORPHA	94075	manual-negative	github:medinatinajeropablo-dot
ARI	0001031	Autoimmune gastritis	skos:exactMatch	mesh	C538273	manual-negative	github:medinatinajeropablo-dot
ARI	0001031	Autoimmune gastritis	skos:exactMatch	mesh	D000752	manual-negative	github:medinatinajeropablo-dot
ARI	0001032	Autoimmune hemolytic anemia	skos:exactMatch	SNOMEDCT	718716008	manual-negative	github:medinatinajeropablo-dot
ARI	0001032	Autoimmune hemolytic anemia	skos:exactMatch	MONDO	0019534	manual-negative	github:medinatinajeropablo-dot
ARI	0001032	Autoimmune hemolytic anemia	skos:exactMatch	ORPHA	90036	manual-negative	github:medinatinajeropablo-dot
ARI	0001033	Autoimmune hepatitis	skos:exactMatch	SNOMEDCT	16098491000119109	manual-negative	github:medinatinajeropablo-dot
ARI	0001033	Autoimmune hepatitis	skos:exactMatch	SNOMEDCT	721711009	manual-negative	github:medinatinajeropablo-dot
ARI	0001033	Autoimmune hepatitis	skos:exactMatch	SNOMEDCT	721713007	manual-negative	github:medinatinajeropablo-dot
ARI	0001033	Autoimmune hepatitis	skos:exactMatch	SNOMEDCT	721712002	manual-negative	github:medinatinajeropablo-dot
ARI	0001033	Autoimmune hepatitis	skos:exactMatch	omop	36715923	manual-negative	github:medinatinajeropablo-dot
ARI	0001033	Autoimmune hepatitis	skos:exactMatch	omop	36717496	manual-negative	github:medinatinajeropablo-dot
ARI	0001033	Autoimmune hepatitis	skos:exactMatch	omop	36715924	manual-negative	github:medinatinajeropablo-dot
ARI	0001033	Autoimmune hepatitis	skos:exactMatch	omop	36687200	manual-negative	github:medinatinajeropablo-dot
ARI	0001033	Autoimmune hepatitis	skos:exactMatch	MONDO	0005543	manual-negative	github:medinatinajeropablo-dot
ARI	0001033	Autoimmune hepatitis	skos:exactMatch	MONDO	0021176	manual-negative	github:medinatinajeropablo-dot
ARI	0001033	Autoimmune hepatitis	skos:exactMatch	MONDO	0021177	manual-negative	github:medinatinajeropablo-dot
ARI	0001033	Autoimmune hepatitis	skos:exactMatch	ORPHA	563576	manual-negative	github:medinatinajeropablo-dot
ARI	0001033	Autoimmune hepatitis	skos:exactMatch	ORPHA	563581	manual-negative	github:medinatinajeropablo-dot
ARI	0001054	Benign mucous membrane pemphigoid	skos:exactMatch	ORPHA	99922	manual-negative	github:medinatinajeropablo-dot
ARI	0001119	Lichen sclerosus	skos:exactMatch	SNOMEDCT	25674000	manual-negative	github:medinatinajeropablo-dot
ARI	0001119	Lichen sclerosus	skos:exactMatch	omop	4119189	manual-negative	github:medinatinajeropablo-dot
ARI	0001119	Lichen sclerosus	skos:exactMatch	icd10cm	L90.0	manual	github:medinatinajeropablo-dot
ARI	0001125	Lipomatosis dolorosa	skos:exactMatch	icd10cm	E88.2	manual	github:medinatinajeropablo-dot
ARI	0001031	Autoimmune gastritis	skos:exactMatch	umls	C0002892	manual-negative	github:medinatinajeropablo-dot
ARI	0001031	Autoimmune gastritis	skos:exactMatch	umls	C0017154	manual-negative	github:medinatinajeropablo-dot
ARI	0001031	Autoimmune gastritis	skos:exactMatch	umls	C0341305	manual-negative	github:medinatinajeropablo-dot
ARI	0001033	Autoimmune hepatitis	skos:exactMatch	umls	C0241910	manual-negative	github:medinatinajeropablo-dot
ARI	0001033	Autoimmune hepatitis	skos:exactMatch	umls	C1332355	manual-negative	github:medinatinajeropablo-dot
ARI	0001205	Ulcerative colitis	skos:exactMatch	umls	C0375359	manual-negative	github:medinatinajeropablo-dot
ARI	0001210	Vogt-Koyanagi-Harada disease	skos:exactMatch	ncit	C85218	manual-negative	github:medinatinajeropablo-dot
ARI	0001210	Vogt-Koyanagi-Harada disease	skos:exactMatch	umls	C0042170	manual	github:medinatinajeropablo-dot
ARI	0001032	Autoimmune hemolytic anemia	skos:exactMatch	omop	36713763	manual-negative	github:medinatinajeropablo-dot
ARI	0001033	Autoimmune hepatitis	skos:exactMatch	ncit	C27778	manual-negative	github:medinatinajeropablo-dot
ARI	0001048	Autoimmune thyroiditis	skos:exactMatch	ncit	C38766	manual-negative	github:medinatinajeropablo-dot
ARI	0001032	Autoimmune hemolytic anemia	skos:exactMatch	icd10cm	D59.1	manual	github:medinatinajeropablo-dot
ARI	0001118	Lichen planus	skos:exactMatch	ORPHA	NoTermFound	manual-absent	github:medinatinajeropablo-dot
ARI	0001199	Systemic sclerosis with limited cutaneous involvement	skos:exactMatch	ncit	C70646	manual	github:medinatinajeropablo-dot
ARI	0001128	Microscopic colitis	skos:exactMatch	ORPHA	NoTermFound	manual-absent	github:medinatinajeropablo-dot
ARI	0001038	Autoimmune lymphoproliferative syndrome	skos:exactMatch	SNOMEDCT	702444009	manual	github:JoshuaCorona-Sa
ARI	0001038	Autoimmune lymphoproliferative syndrome	skos:exactMatch	DOID	6688	manual	github:JoshuaCorona-Sa
ARI	0001038	Autoimmune lymphoproliferative syndrome	skos:exactMatch	MONDO	0017979	manual	github:JoshuaCorona-Sa
ARI	0001038	Autoimmune lymphoproliferative syndrome	skos:exactMatch	MONDO	0011158	manual-negative	github:JoshuaCorona-Sa
ARI	0001038	Autoimmune lymphoproliferative syndrome	skos:exactMatch	ncit	C37864	manual	github:JoshuaCorona-Sa
ARI	0001038	Autoimmune lymphoproliferative syndrome	skos:exactMatch	icd10cm	D89.82	manual	github:JoshuaCorona-Sa
ARI	0001038	Autoimmune lymphoproliferative syndrome	skos:exactMatch	ORPHA	3261	manual	github:JoshuaCorona-Sa
ARI	0001039	Autoimmune necrotizing myopathy	skos:exactMatch	SNOMEDCT	715863001	manual	github:JoshuaCorona-Sa
ARI	0001039	Autoimmune necrotizing myopathy	skos:exactMatch	omop	37396156	manual	github:JoshuaCorona-Sa
ARI	0001038	Autoimmune lymphoproliferative syndrome	skos:exactMatch	omop	45765493	manual	github:JoshuaCorona-Sa
ARI	0001038	Autoimmune lymphoproliferative syndrome	skos:exactMatch	umls	C1328840	manual	github:JoshuaCorona-Sa
ARI	0001038	Autoimmune lymphoproliferative syndrome	skos:exactMatch	mesh	D056735	manual	github:JoshuaCorona-Sa
ARI	0001039	Autoimmune necrotizing myopathy	skos:exactMatch	umls	C3267047	manual	github:JoshuaCorona-Sa
ARI	0001040	Autoimmune neutropenia	skos:exactMatch	SNOMEDCT	234425008	manual	github:JoshuaCorona-Sa
ARI	0001040	Autoimmune neutropenia	skos:exactMatch	omop	4125635	manual	github:JoshuaCorona-Sa
ARI	0001041	Autoimmune oophoritis	skos:exactMatch	MONDO	0021950	manual	github:JoshuaCorona-Sa
ARI	0001041	Autoimmune oophoritis	skos:exactMatch	umls	C0878654	manual	github:JoshuaCorona-Sa
ARI	0001041	Autoimmune oophoritis	skos:exactMatch	mesh	C538274	manual	github:JoshuaCorona-Sa
ARI	0001044	Autoimmune progesterone dermatitis	skos:exactMatch	SNOMEDCT	838551007	manual	github:JoshuaCorona-Sa
ARI	0001044	Autoimmune progesterone dermatitis	skos:exactMatch	omop	3661498	manual	github:JoshuaCorona-Sa
ARI	0001044	Autoimmune progesterone dermatitis	skos:exactMatch	MONDO	0021952	manual	github:JoshuaCorona-Sa
ARI	0001044	Autoimmune progesterone dermatitis	skos:exactMatch	ORPHA	728894	manual	github:JoshuaCorona-Sa
ARI	0001044	Autoimmune progesterone dermatitis	skos:exactMatch	umls	C1260879	manual	github:JoshuaCorona-Sa
ARI	0001044	Autoimmune progesterone dermatitis	skos:exactMatch	mesh	C535299	manual	github:JoshuaCorona-Sa
ARI	0001045	Autoimmune pulmonary alveolar proteinosis	skos:exactMatch	SNOMEDCT	707443007	manual	github:JoshuaCorona-Sa
ARI	0001045	Autoimmune pulmonary alveolar proteinosis	skos:exactMatch	omop	45768909	manual	github:JoshuaCorona-Sa
ARI	0001045	Autoimmune pulmonary alveolar proteinosis	skos:exactMatch	MONDO	0012579	manual	github:JoshuaCorona-Sa
ARI	0001045	Autoimmune pulmonary alveolar proteinosis	skos:exactMatch	ncit	C202011	manual	github:JoshuaCorona-Sa
ARI	0001045	Autoimmune pulmonary alveolar proteinosis	skos:exactMatch	ORPHA	747	manual	github:JoshuaCorona-Sa
ARI	0001045	Autoimmune pulmonary alveolar proteinosis	skos:exactMatch	umls	C1970472	manual	github:JoshuaCorona-Sa
ARI	0001049	Autoimmune urticaria	skos:exactMatch	MONDO	0025513	manual	github:JoshuaCorona-Sa
ARI	0001049	Autoimmune urticaria	skos:exactMatch	icd10cm	L50.8	manual	github:JoshuaCorona-Sa
ARI	0001049	Autoimmune urticaria	skos:exactMatch	umls	C1304191	manual	github:JoshuaCorona-Sa
ARI	0001036	Autoimmune-Inflammatory Syndrome Induced by Adjuvants	skos:exactMatch	umls	C5577685	manual	github:JoshuaCorona-Sa
ARI	0001036	Autoimmune-Inflammatory Syndrome Induced by Adjuvants	skos:exactMatch	mesh	D000099146	manual	github:JoshuaCorona-Sa
ARI	0001051	Autoimmune vasculitis	skos:exactMatch	MONDO	0030703	manual	github:JoshuaCorona-Sa
ARI	0001056	Birdshot chorioretinopathy	skos:exactMatch	MONDO	0011599	manual	github:JoshuaCorona-Sa
ARI	0001056	Birdshot chorioretinopathy	skos:exactMatch	umls	C1853959	manual	github:JoshuaCorona-Sa
ARI	0001056	Birdshot chorioretinopathy	skos:exactMatch	mesh	D000080365	manual	github:JoshuaCorona-Sa
ARI	0001057	Bullous pemphigoid	skos:exactMatch	SNOMEDCT	77090002	manual	github:JoshuaCorona-Sa
ARI	0001057	Bullous pemphigoid	skos:exactMatch	omop	4298692	manual	github:JoshuaCorona-Sa
ARI	0001057	Bullous pemphigoid	skos:exactMatch	MONDO	0019082	manual	github:JoshuaCorona-Sa
ARI	0001057	Bullous pemphigoid	skos:exactMatch	ncit	C84389	manual	github:JoshuaCorona-Sa
ARI	0001057	Bullous pemphigoid	skos:exactMatch	icd10cm	L12.0	manual	github:JoshuaCorona-Sa
ARI	0001057	Bullous pemphigoid	skos:exactMatch	ORPHA	703	manual	github:JoshuaCorona-Sa
ARI	0001057	Bullous pemphigoid	skos:exactMatch	umls	C0030805	manual	github:JoshuaCorona-Sa
ARI	0001072	COPA syndrome	skos:exactMatch	SNOMEDCT	1222679006	manual	github:JoshuaCorona-Sa
ARI	0001072	COPA syndrome	skos:exactMatch	omop	37163922	manual	github:JoshuaCorona-Sa
ARI	0001072	COPA syndrome	skos:exactMatch	MONDO	0014629	manual	github:JoshuaCorona-Sa
ARI	0001072	COPA syndrome	skos:exactMatch	ORPHA	444092	manual	github:JoshuaCorona-Sa
ARI	0001072	COPA syndrome	skos:exactMatch	umls	C5243948	manual	github:JoshuaCorona-Sa
ARI	0001212	CREST Syndrome	skos:exactMatch	SNOMEDCT	31848007	manual	github:JoshuaCorona-Sa
ARI	0001212	CREST Syndrome	skos:exactMatch	DOID	0060218	manual	github:JoshuaCorona-Sa
ARI	0001212	CREST Syndrome	skos:exactMatch	MONDO	0019563	manual	github:JoshuaCorona-Sa
ARI	0001212	CREST Syndrome	skos:exactMatch	ncit	C70646	manual	github:JoshuaCorona-Sa
ARI	0001212	CREST Syndrome	skos:exactMatch	icd10cm	M34.1	manual	github:JoshuaCorona-Sa
ARI	0001212	CREST Syndrome	skos:exactMatch	ORPHA	90290	manual	github:JoshuaCorona-Sa
ARI	0001212	CREST Syndrome	skos:exactMatch	umls	C0206138	manual	github:JoshuaCorona-Sa
ARI	0001212	CREST Syndrome	skos:exactMatch	mesh	D017675	manual	github:JoshuaCorona-Sa
ARI	0001075	CTLA4 haploinsufficiency	skos:exactMatch	MONDO	0014493	manual	github:JoshuaCorona-Sa
ARI	0001075	CTLA4 haploinsufficiency	skos:exactMatch	ncit	C126341	manual	github:JoshuaCorona-Sa
ARI	0001075	CTLA4 haploinsufficiency	skos:exactMatch	umls	C4015214	manual	github:JoshuaCorona-Sa
ARI	0001077	Cutaneous mastocytosis	skos:exactMatch	SNOMEDCT	397012002	manual	github:JoshuaCorona-Sa
ARI	0001077	Cutaneous mastocytosis	skos:exactMatch	omop	4246283	manual	github:JoshuaCorona-Sa
ARI	0001077	Cutaneous mastocytosis	skos:exactMatch	DOID	3663	manual	github:JoshuaCorona-Sa
ARI	0001077	Cutaneous mastocytosis	skos:exactMatch	MONDO	0019023	manual	github:JoshuaCorona-Sa
ARI	0001077	Cutaneous mastocytosis	skos:exactMatch	ncit	C7137	manual	github:JoshuaCorona-Sa
ARI	0001077	Cutaneous mastocytosis	skos:exactMatch	ORPHA	66646	manual	github:JoshuaCorona-Sa
ARI	0001077	Cutaneous mastocytosis	skos:exactMatch	umls	C1136033	manual	github:JoshuaCorona-Sa
ARI	0001077	Cutaneous mastocytosis	skos:exactMatch	mesh	D034701	manual	github:JoshuaCorona-Sa
ARI	0001078	Dermatitis herpetiformis	skos:exactMatch	SNOMEDCT	111196000	manual	github:JoshuaCorona-Sa
ARI	0001078	Dermatitis herpetiformis	skos:exactMatch	omop	140487	manual	github:JoshuaCorona-Sa
ARI	0001078	Dermatitis herpetiformis	skos:exactMatch	DOID	8505	manual	github:JoshuaCorona-Sa
ARI	0001078	Dermatitis herpetiformis	skos:exactMatch	MONDO	0015614	manual	github:JoshuaCorona-Sa
ARI	0001078	Dermatitis herpetiformis	skos:exactMatch	ncit	C26742	manual	github:JoshuaCorona-Sa
ARI	0001078	Dermatitis herpetiformis	skos:exactMatch	icd10cm	L13.0	manual	github:JoshuaCorona-Sa
ARI	0001078	Dermatitis herpetiformis	skos:exactMatch	ORPHA	1656	manual	github:JoshuaCorona-Sa
ARI	0001078	Dermatitis herpetiformis	skos:exactMatch	umls	C0011608	manual	github:JoshuaCorona-Sa
ARI	0001078	Dermatitis herpetiformis	skos:exactMatch	mesh	D003874	manual	github:JoshuaCorona-Sa
ARI	0001081	Eaton-Lambert syndrome	skos:exactMatch	SNOMEDCT	56989000	manual	github:JoshuaCorona-Sa
ARI	0001081	Eaton-Lambert syndrome	skos:exactMatch	omop	4237155	manual	github:JoshuaCorona-Sa
ARI	0001081	Eaton-Lambert syndrome	skos:exactMatch	DOID	0050214	manual	github:JoshuaCorona-Sa
ARI	0001081	Eaton-Lambert syndrome	skos:exactMatch	MONDO	0018556	manual	github:JoshuaCorona-Sa
ARI	0001081	Eaton-Lambert syndrome	skos:exactMatch	umls	C0022972	manual	github:JoshuaCorona-Sa
ARI	0001081	Eaton-Lambert syndrome	skos:exactMatch	mesh	D015624	manual	github:JoshuaCorona-Sa
ARI	0001039	Autoimmune necrotizing myopathy	skos:exactMatch	MONDO	0016098	manual	github:JoshuaCorona-Sa
ARI	0001039	Autoimmune necrotizing myopathy	skos:exactMatch	ORPHA	206569	manual	github:JoshuaCorona-Sa
ARI	0001041	Autoimmune oophoritis	skos:exactMatch	SNOMEDCT	721198006	manual-negative	github:JoshuaCorona-Sa
ARI	0001041	Autoimmune oophoritis	skos:exactMatch	omop	36717453	manual-negative	github:JoshuaCorona-Sa
ARI	0001045	Autoimmune pulmonary alveolar proteinosis	skos:exactMatch	mesh	C567049	manual-negative	github:JoshuaCorona-Sa
ARI	0001036	Autoimmune-Inflammatory Syndrome Induced by Adjuvants	skos:exactMatch	omop	1331726	manual-negative	github:JoshuaCorona-Sa
ARI	0001056	Birdshot chorioretinopathy	skos:exactMatch	SNOMEDCT	231981005	manual-negative	github:JoshuaCorona-Sa
ARI	0001056	Birdshot chorioretinopathy	skos:exactMatch	omop	4334133	manual-negative	github:JoshuaCorona-Sa
ARI	0001056	Birdshot chorioretinopathy	skos:exactMatch	DOID	0111079	manual-negative	github:JoshuaCorona-Sa
ARI	0001056	Birdshot chorioretinopathy	skos:exactMatch	ORPHA	179	manual-negative	github:JoshuaCorona-Sa
ARI	0001057	Bullous pemphigoid	skos:exactMatch	omop	139899	manual-negative	github:JoshuaCorona-Sa
ARI	0001057	Bullous pemphigoid	skos:exactMatch	DOID	8506	manual	github:JoshuaCorona-Sa
ARI	0001057	Bullous pemphigoid	skos:exactMatch	mesh	D010391	manual	github:JoshuaCorona-Sa
ARI	0001212	CREST Syndrome	skos:exactMatch	omop	3469412	manual	github:JoshuaCorona-Sa
ARI	0001075	CTLA4 haploinsufficiency	skos:exactMatch	ORPHA	436159	manual-negative	github:JoshuaCorona-Sa
ARI	0001077	Cutaneous mastocytosis	skos:exactMatch	icd10cm	D47.01	manual-negative	github:JoshuaCorona-Sa
ARI	0001081	Eaton-Lambert syndrome	skos:exactMatch	ncit	C3155	manual	github:JoshuaCorona-Sa
ARI	0001081	Eaton-Lambert syndrome	skos:exactMatch	icd10cm	G70.80	manual	github:JoshuaCorona-Sa
ARI	0001081	Eaton-Lambert syndrome	skos:exactMatch	ORPHA	43393	manual	github:JoshuaCorona-Sa
ARI	0001039	Autoimmune necrotizing myopathy	skos:exactMatch	ncit	C206531	manual	github:JoshuaCorona-Sa
ARI	0001039	Autoimmune necrotizing myopathy	skos:exactMatch	DOID	NoTermFound	manual-absent	github:JoshuaCorona-Sa
ARI	0001039	Autoimmune necrotizing myopathy	skos:exactMatch	mesh	NoTermFound	manual-absent	github:JoshuaCorona-Sa
ARI	0001039	Autoimmune necrotizing myopathy	skos:exactMatch	icd10cm	G72.89	manual	github:JoshuaCorona-Sa
ARI	0001040	Autoimmune neutropenia	skos:exactMatch	DOID	NoTermFound	manual-absent	github:JoshuaCorona-Sa
ARI	0001040	Autoimmune neutropenia	skos:exactMatch	MONDO	NoTermFound	manual-absent	github:JoshuaCorona-Sa
ARI	0001040	Autoimmune neutropenia	skos:exactMatch	ncit	C176730	manual	github:JoshuaCorona-Sa
ARI	0001040	Autoimmune neutropenia	skos:exactMatch	icd10cm	NoTermFound	manual-absent	github:JoshuaCorona-Sa
ARI	0001040	Autoimmune neutropenia	skos:exactMatch	ORPHA	NoTermFound	manual-absent	github:JoshuaCorona-Sa
ARI	0001040	Autoimmune neutropenia	skos:exactMatch	umls	C0340971	manual	github:JoshuaCorona-Sa
ARI	0001040	Autoimmune neutropenia	skos:exactMatch	mesh	NoTermFound	manual-absent	github:JoshuaCorona-Sa
ARI	0001041	Autoimmune oophoritis	skos:exactMatch	DOID	NoTermFound	manual-absent	github:JoshuaCorona-Sa
ARI	0001041	Autoimmune oophoritis	skos:exactMatch	ncit	NoTermFound	manual-absent	github:JoshuaCorona-Sa
ARI	0001041	Autoimmune oophoritis	skos:exactMatch	icd10cm	NoTermFound	manual-absent	github:JoshuaCorona-Sa
ARI	0001041	Autoimmune oophoritis	skos:exactMatch	ORPHA	NoTermFound	manual-absent	github:JoshuaCorona-Sa
ARI	0001044	Autoimmune progesterone dermatitis	skos:exactMatch	ncit	NoTermFound	manual-absent	github:JoshuaCorona-Sa
ARI	0001044	Autoimmune progesterone dermatitis	skos:exactMatch	icd10cm	NoTermFound	manual-absent	github:JoshuaCorona-Sa
ARI	0001044	Autoimmune progesterone dermatitis	skos:exactMatch	DOID	NoTermFound	manual-absent	github:JoshuaCorona-Sa
ARI	0001046	Autoimmune retinal vasculitis	skos:exactMatch	SNOMEDCT	NoTermFound	manual-absent	github:JoshuaCorona-Sa
ARI	0001046	Autoimmune retinal vasculitis	skos:exactMatch	omop	NoTermFound	manual-absent	github:JoshuaCorona-Sa
ARI	0001046	Autoimmune retinal vasculitis	skos:exactMatch	DOID	NoTermFound	manual-absent	github:JoshuaCorona-Sa
ARI	0001046	Autoimmune retinal vasculitis	skos:exactMatch	MONDO	NoTermFound	manual-absent	github:JoshuaCorona-Sa
ARI	0001046	Autoimmune retinal vasculitis	skos:exactMatch	ncit	NoTermFound	manual-absent	github:JoshuaCorona-Sa
ARI	0001046	Autoimmune retinal vasculitis	skos:exactMatch	icd10cm	NoTermFound	manual-absent	github:JoshuaCorona-Sa
ARI	0001046	Autoimmune retinal vasculitis	skos:exactMatch	ORPHA	NoTermFound	manual-absent	github:JoshuaCorona-Sa
ARI	0001046	Autoimmune retinal vasculitis	skos:exactMatch	umls	NoTermFound	manual-absent	github:JoshuaCorona-Sa
ARI	0001046	Autoimmune retinal vasculitis	skos:exactMatch	mesh	NoTermFound	manual-absent	github:JoshuaCorona-Sa
ARI	0001049	Autoimmune urticaria	skos:exactMatch	DOID	NoTermFound	manual-absent	github:JoshuaCorona-Sa
ARI	0001049	Autoimmune urticaria	skos:exactMatch	ncit	NoTermFound	manual-absent	github:JoshuaCorona-Sa
ARI	0001049	Autoimmune urticaria	skos:exactMatch	ORPHA	NoTermFound	manual-absent	github:JoshuaCorona-Sa
ARI	0001049	Autoimmune urticaria	skos:exactMatch	mesh	D000080223	manual	github:JoshuaCorona-Sa
ARI	0001050	Autoimmune urticaria and/or angioedema	skos:exactMatch	DOID	NoTermFound	manual-absent	github:JoshuaCorona-Sa
ARI	0001050	Autoimmune urticaria and/or angioedema	skos:exactMatch	MONDO	NoTermFound	manual-absent	github:JoshuaCorona-Sa
ARI	0001050	Autoimmune urticaria and/or angioedema	skos:exactMatch	ncit	NoTermFound	manual-absent	github:JoshuaCorona-Sa
ARI	0001050	Autoimmune urticaria and/or angioedema	skos:exactMatch	icd10cm	NoTermFound	manual-absent	github:JoshuaCorona-Sa
ARI	0001050	Autoimmune urticaria and/or angioedema	skos:exactMatch	ORPHA	NoTermFound	manual-absent	github:JoshuaCorona-Sa
ARI	0001050	Autoimmune urticaria and/or angioedema	skos:exactMatch	umls	C1304196	manual	github:JoshuaCorona-Sa
ARI	0001050	Autoimmune urticaria and/or angioedema	skos:exactMatch	mesh	NoTermFound	manual-absent	github:JoshuaCorona-Sa
ARI	0001036	Autoimmune-Inflammatory Syndrome Induced by Adjuvants	skos:exactMatch	ncit	NoTermFound	manual-absent	github:JoshuaCorona-Sa
ARI	0001036	Autoimmune-Inflammatory Syndrome Induced by Adjuvants	skos:exactMatch	icd10cm	NoTermFound	manual-absent	github:JoshuaCorona-Sa
ARI	0001036	Autoimmune-Inflammatory Syndrome Induced by Adjuvants	skos:exactMatch	ORPHA	NoTermFound	manual-absent	github:JoshuaCorona-Sa
ARI	0001036	Autoimmune-Inflammatory Syndrome Induced by Adjuvants	skos:exactMatch	DOID	NoTermFound	manual-absent	github:JoshuaCorona-Sa
ARI	0001036	Autoimmune-Inflammatory Syndrome Induced by Adjuvants	skos:exactMatch	MONDO	NoTermFound	manual-absent	github:JoshuaCorona-Sa
ARI	0001045	Autoimmune pulmonary alveolar proteinosis	skos:exactMatch	icd10cm	NoTermFound	manual-absent	github:JoshuaCorona-Sa
ARI	0001045	Autoimmune pulmonary alveolar proteinosis	skos:exactMatch	DOID	NoTermFound	manual-absent	github:JoshuaCorona-Sa
ARI	0001051	Autoimmune vasculitis	skos:exactMatch	ORPHA	NoTermFound	manual-absent	github:JoshuaCorona-Sa
ARI	0001051	Autoimmune vasculitis	skos:exactMatch	icd10cm	NoTermFound	manual-absent	github:JoshuaCorona-Sa
ARI	0001051	Autoimmune vasculitis	skos:exactMatch	ncit	NoTermFound	manual-absent	github:JoshuaCorona-Sa
ARI	0001051	Autoimmune vasculitis	skos:exactMatch	mesh	NoTermFound	manual-absent	github:JoshuaCorona-Sa
ARI	0001036	Autoimmune-Inflammatory Syndrome Induced by Adjuvants	skos:exactMatch	SNOMEDCT	NoTermFound	manual-absent	github:JoshuaCorona-Sa
ARI	0001056	Birdshot chorioretinopathy	skos:exactMatch	icd10cm	NoTermFound	manual-absent	github:JoshuaCorona-Sa
ARI	0001056	Birdshot chorioretinopathy	skos:exactMatch	ncit	NoTermFound	manual-absent	github:JoshuaCorona-Sa
ARI	0001072	COPA syndrome	skos:exactMatch	icd10cm	NoTermFound	manual-absent	github:JoshuaCorona-Sa
ARI	0001072	COPA syndrome	skos:exactMatch	ncit	NoTermFound	manual-absent	github:JoshuaCorona-Sa
ARI	0001072	COPA syndrome	skos:exactMatch	mesh	NoTermFound	manual-absent	github:JoshuaCorona-Sa
ARI	0001075	CTLA4 haploinsufficiency	skos:exactMatch	SNOMEDCT	1197361002	manual	github:JoshuaCorona-Sa
ARI	0001075	CTLA4 haploinsufficiency	skos:exactMatch	omop	37162742	manual	github:JoshuaCorona-Sa
ARI	0001075	CTLA4 haploinsufficiency	skos:exactMatch	DOID	NoTermFound	manual-absent	github:JoshuaCorona-Sa
ARI	0001075	CTLA4 haploinsufficiency	skos:exactMatch	icd10cm	NoTermFound	manual-absent	github:JoshuaCorona-Sa
ARI	0001075	CTLA4 haploinsufficiency	skos:exactMatch	mesh	NoTermFound	manual-absent	github:JoshuaCorona-Sa
ARI	0001082	Encephalitis caused by anti-gamma-aminobutyric acid-A receptor antibody	skos:exactMatch	SNOMEDCT	NoTermFound	manual-absent	github:JoshuaCorona-Sa
ARI	0001082	Encephalitis caused by anti-gamma-aminobutyric acid-A receptor antibody	skos:exactMatch	umls	NoTermFound	manual-absent	github:JoshuaCorona-Sa
ARI	0001082	Encephalitis caused by anti-gamma-aminobutyric acid-A receptor antibody	skos:exactMatch	mesh	NoTermFound	manual-absent	github:JoshuaCorona-Sa
ARI	0001082	Encephalitis caused by anti-gamma-aminobutyric acid-A receptor antibody	skos:exactMatch	omop	NoTermFound	manual-absent	github:JoshuaCorona-Sa
ARI	0001082	Encephalitis caused by anti-gamma-aminobutyric acid-A receptor antibody	skos:exactMatch	DOID	NoTermFound	manual-absent	github:JoshuaCorona-Sa
ARI	0001082	Encephalitis caused by anti-gamma-aminobutyric acid-A receptor antibody	skos:exactMatch	MONDO	NoTermFound	manual-absent	github:JoshuaCorona-Sa
ARI	0001082	Encephalitis caused by anti-gamma-aminobutyric acid-A receptor antibody	skos:exactMatch	ncit	NoTermFound	manual-absent	github:JoshuaCorona-Sa
ARI	0001082	Encephalitis caused by anti-gamma-aminobutyric acid-A receptor antibody	skos:exactMatch	icd10cm	NoTermFound	manual-absent	github:JoshuaCorona-Sa
ARI	0001082	Encephalitis caused by anti-gamma-aminobutyric acid-A receptor antibody	skos:exactMatch	ORPHA	NoTermFound	manual-absent	github:JoshuaCorona-Sa
ARI	0001083	Encephalopathy caused by anti-IgLON5 antibody	skos:exactMatch	SNOMEDCT	765751002	manual	github:JoshuaCorona-Sa
ARI	0001083	Encephalopathy caused by anti-IgLON5 antibody	skos:exactMatch	umls	C4707562	manual	github:JoshuaCorona-Sa
ARI	0001083	Encephalopathy caused by anti-IgLON5 antibody	skos:exactMatch	mesh	NoTermFound	manual-absent	github:JoshuaCorona-Sa
ARI	0001083	Encephalopathy caused by anti-IgLON5 antibody	skos:exactMatch	DOID	NoTermFound	manual-absent	github:JoshuaCorona-Sa
ARI	0001083	Encephalopathy caused by anti-IgLON5 antibody	skos:exactMatch	MONDO	NoTermFound	manual-absent	github:JoshuaCorona-Sa
ARI	0001083	Encephalopathy caused by anti-IgLON5 antibody	skos:exactMatch	ncit	NoTermFound	manual-absent	github:JoshuaCorona-Sa
ARI	0001083	Encephalopathy caused by anti-IgLON5 antibody	skos:exactMatch	icd10cm	NoTermFound	manual-absent	github:JoshuaCorona-Sa
ARI	0001083	Encephalopathy caused by anti-IgLON5 antibody	skos:exactMatch	ORPHA	420789	manual	github:JoshuaCorona-Sa
ARI	0001083	Encephalopathy caused by anti-IgLON5 antibody	skos:exactMatch	omop	35623409	manual	github:JoshuaCorona-Sa
ARI	0001092	Fasciitis with eosinophilia syndrome	skos:exactMatch	DOID	NoTermFound	manual-absent	github:JoshuaCorona-Sa
ARI	0001093	Felty syndrome	skos:exactMatch	umls	C0015773	manual	github:JoshuaCorona-Sa
ARI	0001093	Felty syndrome	skos:exactMatch	icd10cm	M05.00	manual	github:JoshuaCorona-Sa
ARI	0001018	Antiphospholipid syndrome	skos:exactMatch	ORPHA	80	manual	github:maffersi
ARI	0001018	Antiphospholipid syndrome	skos:exactMatch	SNOMEDCT	26843008	manual	github:maffersi
ARI	0001018	Antiphospholipid syndrome	skos:exactMatch	omop	4098292	manual	github:maffersi
ARI	0001018	Antiphospholipid syndrome	skos:exactMatch	DOID	2988	manual	github:maffersi
ARI	0001018	Antiphospholipid syndrome	skos:exactMatch	ncit	C61283	manual	github:maffersi
ARI	0001018	Antiphospholipid syndrome	skos:exactMatch	umls	C0085278	manual	github:maffersi
ARI	0001018	Antiphospholipid syndrome	skos:exactMatch	mesh	D016736	manual	github:maffersi
ARI	0001084	Endometriosis	skos:exactMatch	SNOMEDCT	129103003	manual	github:maffersi
ARI	0001084	Endometriosis	skos:exactMatch	omop	433527	manual	github:maffersi
ARI	0001084	Endometriosis	skos:exactMatch	DOID	289	manual	github:maffersi
ARI	0001084	Endometriosis	skos:exactMatch	MONDO	0005133	manual	github:maffersi
ARI	0001084	Endometriosis	skos:exactMatch	ncit	C3014	manual	github:maffersi
ARI	0001084	Endometriosis	skos:exactMatch	icd10cm	N80	manual	github:maffersi
ARI	0001084	Endometriosis	skos:exactMatch	umls	C0014175	manual	github:maffersi
ARI	0001084	Endometriosis	skos:exactMatch	mesh	D004715	manual	github:maffersi
ARI	0001133	Motor neuropathy with multiple conduction block	skos:exactMatch	SNOMEDCT	230591002	manual	github:maffersi
ARI	0001133	Motor neuropathy with multiple conduction block	skos:exactMatch	omop	4046338	manual	github:maffersi
ARI	0001133	Motor neuropathy with multiple conduction block	skos:exactMatch	MONDO	0018979	manual	github:maffersi
ARI	0001133	Motor neuropathy with multiple conduction block	skos:exactMatch	icd10cm	G61.82	manual	github:maffersi
ARI	0001133	Motor neuropathy with multiple conduction block	skos:exactMatch	ORPHA	641	manual	github:maffersi
ARI	0001133	Motor neuropathy with multiple conduction block	skos:exactMatch	umls	C0393847	manual	github:maffersi
ARI	0001058	Bullous systemic lupus erythematosus	skos:exactMatch	SNOMEDCT	239889005	manual	github:maffersi
ARI	0001058	Bullous systemic lupus erythematosus	skos:exactMatch	omop	4346976	manual	github:maffersi
ARI	0001058	Bullous systemic lupus erythematosus	skos:exactMatch	MONDO	0044113	manual	github:maffersi
ARI	0001058	Bullous systemic lupus erythematosus	skos:exactMatch	ncit	C117104	manual	github:maffersi
ARI	0001058	Bullous systemic lupus erythematosus	skos:exactMatch	umls	C0409977	manual	github:maffersi
ARI	0001141	Neonatal lupus erythematosus	skos:exactMatch	SNOMEDCT	95609003	manual	github:maffersi
ARI	0001141	Neonatal lupus erythematosus	skos:exactMatch	omop	4316373	manual	github:maffersi
ARI	0001141	Neonatal lupus erythematosus	skos:exactMatch	MONDO	0018360	manual	github:maffersi
ARI	0001141	Neonatal lupus erythematosus	skos:exactMatch	ncit	C99236	manual	github:maffersi
ARI	0001141	Neonatal lupus erythematosus	skos:exactMatch	ORPHA	398124	manual	github:maffersi
ARI	0001141	Neonatal lupus erythematosus	skos:exactMatch	umls	C0409979	manual	github:maffersi
ARI	0001141	Neonatal lupus erythematosus	skos:exactMatch	mesh	C536397	manual	github:maffersi
ARI	0001043	Autoimmune pancreatitis	skos:exactMatch	SNOMEDCT	448542008	manual	github:maffersi
ARI	0001043	Autoimmune pancreatitis	skos:exactMatch	SNOMEDCT	722872000	manual-negative	github:maffersi
ARI	0001043	Autoimmune pancreatitis	skos:exactMatch	omop	40490446	manual	github:maffersi
ARI	0001043	Autoimmune pancreatitis	skos:exactMatch	omop	36716715	manual-negative	github:maffersi
ARI	0001043	Autoimmune pancreatitis	skos:exactMatch	DOID	0040091	manual	github:maffersi
ARI	0001043	Autoimmune pancreatitis	skos:exactMatch	MONDO	0015175	manual	github:maffersi
ARI	0001043	Autoimmune pancreatitis	skos:exactMatch	ORPHA	103919	manual	github:maffersi
ARI	0001043	Autoimmune pancreatitis	skos:exactMatch	ORPHA	280302	manual-negative	github:maffersi
ARI	0001043	Autoimmune pancreatitis	skos:exactMatch	umls	C2609129	manual	github:maffersi
ARI	0001043	Autoimmune pancreatitis	skos:exactMatch	mesh	D000081012	manual	github:maffersi
ARI	0001079	Dermatomyositis	skos:exactMatch	SNOMEDCT	396230008	manual	github:maffersi
ARI	0001079	Dermatomyositis	skos:exactMatch	omop	80182	manual	github:maffersi
ARI	0001079	Dermatomyositis	skos:exactMatch	DOID	10223	manual	github:maffersi
ARI	0001079	Dermatomyositis	skos:exactMatch	MONDO	0016367	manual	github:maffersi
ARI	0001079	Dermatomyositis	skos:exactMatch	ncit	C26744	manual	github:maffersi
ARI	0001079	Dermatomyositis	skos:exactMatch	ORPHA	221	manual	github:maffersi
ARI	0001079	Dermatomyositis	skos:exactMatch	umls	C0011633	manual	github:maffersi
ARI	0001079	Dermatomyositis	skos:exactMatch	mesh	D003882	manual	github:maffersi
ARI	0001122	Limbic encephalitis with dipeptidyl-peptidase 6 antibodies	skos:exactMatch	SNOMEDCT	773395008	manual	github:maffersi
ARI	0001122	Limbic encephalitis with dipeptidyl-peptidase 6 antibodies	skos:exactMatch	omop	36676495	manual	github:maffersi
ARI	0001122	Limbic encephalitis with dipeptidyl-peptidase 6 antibodies	skos:exactMatch	MONDO	0018003	manual	github:maffersi
ARI	0001122	Limbic encephalitis with dipeptidyl-peptidase 6 antibodies	skos:exactMatch	umls	C4750833	manual	github:maffersi
ARI	0001132	Morphea	skos:exactMatch	SNOMEDCT	201049004	manual-negative	github:maffersi
ARI	0001132	Morphea	skos:exactMatch	SNOMEDCT	201048007	manual	github:maffersi
ARI	0001132	Morphea	skos:exactMatch	omop	4066845	manual-negative	github:maffersi
ARI	0001132	Morphea	skos:exactMatch	omop	441928	manual	github:maffersi
ARI	0001132	Morphea	skos:exactMatch	DOID	8472	manual	github:maffersi
ARI	0001132	Morphea	skos:exactMatch	MONDO	0019562	manual	github:maffersi
ARI	0001132	Morphea	skos:exactMatch	ncit	C72069	manual	github:maffersi
ARI	0001132	Morphea	skos:exactMatch	icd10cm	L94.0	manual	github:maffersi
ARI	0001132	Morphea	skos:exactMatch	ORPHA	90289	manual	github:maffersi
ARI	0001132	Morphea	skos:exactMatch	umls	C0036420	manual	github:maffersi
ARI	0001132	Morphea	skos:exactMatch	mesh	D012594	manual	github:maffersi
ARI	0001087	Epilepsy	skos:exactMatch	SNOMEDCT	84757009	manual	github:maffersi
ARI	0001087	Epilepsy	skos:exactMatch	omop	380378	manual	github:maffersi
ARI	0001087	Epilepsy	skos:exactMatch	DOID	1826	manual	github:maffersi
ARI	0001087	Epilepsy	skos:exactMatch	MONDO	0005027	manual	github:maffersi
ARI	0001087	Epilepsy	skos:exactMatch	ncit	C3020	manual	github:maffersi
ARI	0001087	Epilepsy	skos:exactMatch	icd10cm	G40.909	manual	github:maffersi
ARI	0001087	Epilepsy	skos:exactMatch	umls	C0014544	manual	github:maffersi
ARI	0001087	Epilepsy	skos:exactMatch	mesh	D004827	manual	github:maffersi
ARI	0001209	Vitiligo	skos:exactMatch	SNOMEDCT	56727007	manual	github:maffersi
ARI	0001209	Vitiligo	skos:exactMatch	omop	138502	manual	github:maffersi
ARI	0001209	Vitiligo	skos:exactMatch	DOID	12306	manual	github:maffersi
ARI	0001209	Vitiligo	skos:exactMatch	MONDO	0008661	manual	github:maffersi
ARI	0001209	Vitiligo	skos:exactMatch	ncit	C26915	manual	github:maffersi
ARI	0001209	Vitiligo	skos:exactMatch	icd10cm	L80	manual	github:maffersi
ARI	0001209	Vitiligo	skos:exactMatch	umls	C0042900	manual	github:maffersi
ARI	0001209	Vitiligo	skos:exactMatch	mesh	D014820	manual	github:maffersi
ARI	0001196	Systemic lupus erythematosus	skos:exactMatch	SNOMEDCT	55464009	manual	github:maffersi
ARI	0001196	Systemic lupus erythematosus	skos:exactMatch	omop	257628	manual	github:maffersi
ARI	0001196	Systemic lupus erythematosus	skos:exactMatch	omop	255891	manual-negative	github:maffersi
ARI	0001196	Systemic lupus erythematosus	skos:exactMatch	DOID	9074	manual	github:maffersi
ARI	0001196	Systemic lupus erythematosus	skos:exactMatch	MONDO	0007915	manual	github:maffersi
ARI	0001196	Systemic lupus erythematosus	skos:exactMatch	ncit	C3201	manual	github:maffersi
ARI	0001196	Systemic lupus erythematosus	skos:exactMatch	icd10cm	M32.9	manual	github:maffersi
ARI	0001196	Systemic lupus erythematosus	skos:exactMatch	ORPHA	536	manual	github:maffersi
ARI	0001196	Systemic lupus erythematosus	skos:exactMatch	umls	C0024141	manual	github:maffersi
ARI	0001196	Systemic lupus erythematosus	skos:exactMatch	mesh	D008180	manual	github:maffersi
ARI	0001090	Essential mixed cryoglobulinemia	skos:exactMatch	SNOMEDCT	239947001	manual	github:maffersi
ARI	0001090	Essential mixed cryoglobulinemia	skos:exactMatch	omop	4347067	manual	github:maffersi
ARI	0001090	Essential mixed cryoglobulinemia	skos:exactMatch	umls	C0340992	manual	github:maffersi
ARI	0001198	Systemic sclerosis	skos:exactMatch	SNOMEDCT	89155008	manual	github:maffersi
ARI	0001198	Systemic sclerosis	skos:exactMatch	omop	134442	manual	github:maffersi
ARI	0001198	Systemic sclerosis	skos:exactMatch	DOID	418	manual	github:maffersi
ARI	0001198	Systemic sclerosis	skos:exactMatch	MONDO	0005100	manual	github:maffersi
ARI	0001198	Systemic sclerosis	skos:exactMatch	ncit	C72070	manual	github:maffersi
ARI	0001198	Systemic sclerosis	skos:exactMatch	ORPHA	90291	manual	github:maffersi
ARI	0001198	Systemic sclerosis	skos:exactMatch	umls	C0036421	manual	github:maffersi
ARI	0001198	Systemic sclerosis	skos:exactMatch	mesh	D012595	manual	github:maffersi
ARI	0001195	Sympathetic uveitis	skos:exactMatch	SNOMEDCT	75315001	manual	github:maffersi
ARI	0001195	Sympathetic uveitis	skos:exactMatch	omop	438739	manual	github:maffersi
ARI	0001195	Sympathetic uveitis	skos:exactMatch	DOID	12029	manual	github:maffersi
ARI	0001195	Sympathetic uveitis	skos:exactMatch	MONDO	0019198	manual	github:maffersi
ARI	0001195	Sympathetic uveitis	skos:exactMatch	icd10cm	H44.13	manual	github:maffersi
ARI	0001195	Sympathetic uveitis	skos:exactMatch	ORPHA	79098	manual	github:maffersi
ARI	0001195	Sympathetic uveitis	skos:exactMatch	umls	C0029077	manual	github:maffersi
ARI	0001195	Sympathetic uveitis	skos:exactMatch	mesh	D009879	manual	github:maffersi
ARI	0001193	Stiff-person syndrome	skos:exactMatch	omop	379008	manual	github:maffersi
ARI	0001193	Stiff-person syndrome	skos:exactMatch	DOID	13366	manual	github:maffersi
ARI	0001193	Stiff-person syndrome	skos:exactMatch	MONDO	0008491	manual	github:maffersi
ARI	0001193	Stiff-person syndrome	skos:exactMatch	ncit	C85170	manual	github:maffersi
ARI	0001193	Stiff-person syndrome	skos:exactMatch	mesh	D016750	manual	github:maffersi
ARI	0001193	Stiff-person syndrome	skos:exactMatch	umls	C0085292	manual	github:maffersi
ARI	0001193	Stiff-person syndrome	skos:exactMatch	ORPHA	3198	manual-negative	github:maffersi
ARI	0001193	Stiff-person syndrome	skos:exactMatch	ORPHA	443192	manual	github:maffersi
ARI	0001193	Stiff-person syndrome	skos:exactMatch	icd10cm	G25.82	manual	github:maffersi
ARI	0001188	Scleritis	skos:exactMatch	SNOMEDCT	78370002	manual	github:maffersi
ARI	0001188	Scleritis	skos:exactMatch	omop	434944	manual	github:maffersi
ARI	0001188	Scleritis	skos:exactMatch	DOID	13452	manual	github:maffersi
ARI	0001188	Scleritis	skos:exactMatch	MONDO	0001718	manual	github:maffersi
ARI	0001188	Scleritis	skos:exactMatch	ncit	C119046	manual	github:maffersi
ARI	0001188	Scleritis	skos:exactMatch	icd10cm	H15.0	manual	github:maffersi
ARI	0001188	Scleritis	skos:exactMatch	mesh	D015423	manual	github:maffersi
ARI	0001188	Scleritis	skos:exactMatch	umls	C0036416	manual	github:maffersi
ARI	0001183	Rheumatoid aortitis	skos:exactMatch	SNOMEDCT	38877003	manual	github:maffersi
ARI	0001183	Rheumatoid aortitis	skos:exactMatch	omop	4306357	manual	github:maffersi
ARI	0001182	Rheumatic fever	skos:exactMatch	SNOMEDCT	58718002	manual	github:maffersi
ARI	0001182	Rheumatic fever	skos:exactMatch	omop	442313	manual	github:maffersi
ARI	0001182	Rheumatic fever	skos:exactMatch	DOID	1586	manual	github:maffersi
ARI	0001182	Rheumatic fever	skos:exactMatch	MONDO	0017767	manual	github:maffersi
ARI	0001182	Rheumatic fever	skos:exactMatch	icd10cm	I00	manual	github:maffersi
ARI	0001182	Rheumatic fever	skos:exactMatch	icd10cm	I01	manual	github:maffersi
ARI	0001182	Rheumatic fever	skos:exactMatch	ORPHA	3099	manual	github:maffersi
ARI	0001182	Rheumatic fever	skos:exactMatch	mesh	D012213	manual	github:maffersi
ARI	0001182	Rheumatic fever	skos:exactMatch	ncit	C34984	manual	github:maffersi
ARI	0001182	Rheumatic fever	skos:exactMatch	umls	C0035436	manual	github:maffersi
ARI	0001181	Rheumatic Chorea	skos:exactMatch	SNOMEDCT	46826000	manual	github:maffersi
ARI	0001181	Rheumatic Chorea	skos:exactMatch	MONDO	0017648	manual	github:maffersi
ARI	0001181	Rheumatic Chorea	skos:exactMatch	ncit	C168445	manual	github:maffersi
ARI	0001181	Rheumatic Chorea	skos:exactMatch	ORPHA	306731	manual	github:maffersi
ARI	0001181	Rheumatic Chorea	skos:exactMatch	umls	C0152113	manual	github:maffersi
ARI	0001171	Psoriasis	skos:exactMatch	SNOMEDCT	9014002	manual	github:maffersi
ARI	0001171	Psoriasis	skos:exactMatch	DOID	8893	manual	github:maffersi
ARI	0001171	Psoriasis	skos:exactMatch	MONDO	0005083	manual	github:maffersi
ARI	0001171	Psoriasis	skos:exactMatch	ncit	C3346	manual	github:maffersi
ARI	0001171	Psoriasis	skos:exactMatch	icd10cm	L40	manual	github:maffersi
ARI	0001171	Psoriasis	skos:exactMatch	umls	C0033860	manual	github:maffersi
ARI	0001171	Psoriasis	skos:exactMatch	mesh	D011565	manual	github:maffersi
ARI	0001080	Type 1 diabetes mellitus	skos:exactMatch	SNOMEDCT	46635009	manual	github:maffersi
ARI	0001080	Type 1 diabetes mellitus	skos:exactMatch	DOID	9744	manual	github:maffersi
ARI	0001080	Type 1 diabetes mellitus	skos:exactMatch	MONDO	0005147	manual	github:maffersi
ARI	0001080	Type 1 diabetes mellitus	skos:exactMatch	ncit	C2986	manual	github:maffersi
ARI	0001080	Type 1 diabetes mellitus	skos:exactMatch	icd10cm	E10	manual	github:maffersi
ARI	0001080	Type 1 diabetes mellitus	skos:exactMatch	mesh	D003922	manual	github:maffersi
ARI	0001171	Psoriasis	skos:exactMatch	omop	140168	manual	github:maffersi
ARI	0001181	Rheumatic Chorea	skos:exactMatch	omop	444120	manual	github:maffersi
ARI	0001209	Vitiligo	skos:exactMatch	ORPHA	3435	manual	github:maffersi
ARI	0001080	Type 1 diabetes mellitus	skos:exactMatch	omop	201254	manual	github:maffersi
ARI	0001080	Type 1 diabetes mellitus	skos:exactMatch	ORPHA	243377	manual	github:maffersi
ARI	0001080	Type 1 diabetes mellitus	skos:exactMatch	umls	C0011854	manual	github:maffersi
ARI	0001193	Stiff-person syndrome	skos:exactMatch	SNOMEDCT	5217008	manual	github:maffersi
ARI	0001192	Steroid-responsive encephalopathy associated with autoimmune thyroiditis	skos:exactMatch	SNOMEDCT	771271000	manual	github:maffersi
ARI	0001192	Steroid-responsive encephalopathy associated with autoimmune thyroiditis	skos:exactMatch	omop	36674282	manual	github:maffersi
ARI	0001192	Steroid-responsive encephalopathy associated with autoimmune thyroiditis	skos:exactMatch	MONDO	0019385	manual	github:maffersi
ARI	0001192	Steroid-responsive encephalopathy associated with autoimmune thyroiditis	skos:exactMatch	ORPHA	83601	manual	github:maffersi
ARI	0001192	Steroid-responsive encephalopathy associated with autoimmune thyroiditis	skos:exactMatch	umls	C0393639	manual	github:maffersi
ARI	0001192	Steroid-responsive encephalopathy associated with autoimmune thyroiditis	skos:exactMatch	mesh	C535841	manual	github:maffersi
ARI	0001035	Autoimmune hypophysitis	skos:exactMatch	SNOMEDCT	237706000	manual	github:maffersi
ARI	0001035	Autoimmune hypophysitis	skos:exactMatch	omop	4030201	manual	github:maffersi
ARI	0001035	Autoimmune hypophysitis	skos:exactMatch	MONDO	0019835	manual	github:maffersi
ARI	0001035	Autoimmune hypophysitis	skos:exactMatch	ncit	C132055	manual	github:maffersi
ARI	0001035	Autoimmune hypophysitis	skos:exactMatch	ORPHA	95506	manual	github:maffersi
ARI	0001035	Autoimmune hypophysitis	skos:exactMatch	umls	C0342410	manual	github:maffersi
ARI	0001035	Autoimmune hypophysitis	skos:exactMatch	mesh	D000069281	manual	github:maffersi
ARI	0001120	Ligneous conjunctivitis	skos:exactMatch	SNOMEDCT	403435005	manual	github:maffersi
ARI	0001120	Ligneous conjunctivitis	skos:exactMatch	omop	4296491	manual	github:maffersi
ARI	0001120	Ligneous conjunctivitis	skos:exactMatch	MONDO	0009009	manual-negative	github:maffersi
ARI	0001120	Ligneous conjunctivitis	skos:exactMatch	MONDO	0100560	manual	github:maffersi
ARI	0001120	Ligneous conjunctivitis	skos:exactMatch	icd10cm	H10.51	manual	github:maffersi
ARI	0001120	Ligneous conjunctivitis	skos:exactMatch	ORPHA	97231	manual	github:maffersi
ARI	0001120	Ligneous conjunctivitis	skos:exactMatch	umls	C1274789	manual	github:maffersi
ARI	0001137	Myelin oligodendrocyte glycoprotein antibody-associated disease	skos:exactMatch	SNOMEDCT	1237194006	manual	github:maffersi
ARI	0001137	Myelin oligodendrocyte glycoprotein antibody-associated disease	skos:exactMatch	omop	37164973	manual	github:maffersi
ARI	0001137	Myelin oligodendrocyte glycoprotein antibody-associated disease	skos:exactMatch	MONDO	1040024	manual	github:maffersi
ARI	0001137	Myelin oligodendrocyte glycoprotein antibody-associated disease	skos:exactMatch	umls	C5554054	manual	github:maffersi
ARI	0001137	Myelin oligodendrocyte glycoprotein antibody-associated disease	skos:exactMatch	mesh	D000098542	manual	github:maffersi
ARI	0001034	Autoimmune hypoparathyroidism	skos:exactMatch	SNOMEDCT	75316000	manual	github:maffersi
ARI	0001034	Autoimmune hypoparathyroidism	skos:exactMatch	omop	4326738	manual	github:maffersi
ARI	0001034	Autoimmune hypoparathyroidism	skos:exactMatch	MONDO	0018242	manual	github:maffersi
ARI	0001034	Autoimmune hypoparathyroidism	skos:exactMatch	ORPHA	36913	manual	github:maffersi
ARI	0001034	Autoimmune hypoparathyroidism	skos:exactMatch	umls	C0271865	manual	github:maffersi
ARI	0001085	Enthesitis	skos:exactMatch	SNOMEDCT	359643005	manual	github:maffersi
ARI	0001085	Enthesitis	skos:exactMatch	omop	4231746	manual	github:maffersi
ARI	0001085	Enthesitis	skos:exactMatch	MONDO	0024419	manual	github:maffersi
ARI	0001085	Enthesitis	skos:exactMatch	ncit	C114470	manual	github:maffersi
ARI	0001085	Enthesitis	skos:exactMatch	umls	C1282952	manual	github:maffersi
ARI	0001123	Limbic encephalitis with leucine-rich glioma-inactivated 1 antibodies	skos:exactMatch	SNOMEDCT	763794005	manual	github:maffersi
ARI	0001123	Limbic encephalitis with leucine-rich glioma-inactivated 1 antibodies	skos:exactMatch	omop	35607961	manual	github:maffersi
ARI	0001123	Limbic encephalitis with leucine-rich glioma-inactivated 1 antibodies	skos:exactMatch	MONDO	0015592	manual	github:maffersi
ARI	0001123	Limbic encephalitis with leucine-rich glioma-inactivated 1 antibodies	skos:exactMatch	umls	C4706583	manual	github:maffersi
ARI	0001124	Linear IgA dermatosis	skos:exactMatch	SNOMEDCT	95330001	manual	github:maffersi
ARI	0001124	Linear IgA dermatosis	skos:exactMatch	omop	4317262	manual	github:maffersi
ARI	0001124	Linear IgA dermatosis	skos:exactMatch	MONDO	0018748	manual	github:maffersi
ARI	0001124	Linear IgA dermatosis	skos:exactMatch	ORPHA	46488	manual	github:maffersi
ARI	0001124	Linear IgA dermatosis	skos:exactMatch	umls	C0406650	manual	github:maffersi
ARI	0001124	Linear IgA dermatosis	skos:exactMatch	mesh	D062027	manual	github:maffersi
ARI	0001022	Atypical hemolytic uremic syndrome with anti-factor H autoantibodies	skos:exactMatch	SNOMEDCT	1295220004	manual	github:maffersi
ARI	0001022	Atypical hemolytic uremic syndrome with anti-factor H autoantibodies	skos:exactMatch	omop	1244954	manual	github:maffersi
ARI	0001022	Atypical hemolytic uremic syndrome with anti-factor H autoantibodies	skos:exactMatch	MONDO	0019739	manual	github:maffersi
ARI	0001022	Atypical hemolytic uremic syndrome with anti-factor H autoantibodies	skos:exactMatch	ORPHA	93581	manual	github:maffersi
ARI	0001022	Atypical hemolytic uremic syndrome with anti-factor H autoantibodies	skos:exactMatch	umls	C5680286	manual	github:maffersi
ARI	0001018	Antiphospholipid syndrome	skos:exactMatch	ORPHA	282196	manual-negative	github:maffersi
ARI	0001079	Dermatomyositis	skos:exactMatch	MONDO	0008054	manual-negative	github:maffersi
ARI	0001079	Dermatomyositis	skos:exactMatch	icd10cm	M33	manual-negative	github:maffersi
ARI	0001090	Essential mixed cryoglobulinemia	skos:exactMatch	umls	C1852456	manual	github:maffersi
ARI	0001090	Essential mixed cryoglobulinemia	skos:exactMatch	mesh	C565141	manual-negative	github:maffersi
ARI	0001198	Systemic sclerosis	skos:exactMatch	icd10cm	M34.0	manual-negative	github:maffersi
ARI	0001198	Systemic sclerosis	skos:exactMatch	icd10cm	M34	manual	github:maffersi
ARI	0001182	Rheumatic fever	skos:exactMatch	SNOMEDCT	194709000	manual-negative	github:maffersi
ARI	0001043	Autoimmune pancreatitis	skos:exactMatch	SNOMEDCT	1197740007	manual-negative	github:maffersi
ARI	0001043	Autoimmune pancreatitis	skos:exactMatch	omop	37162896	manual-negative	github:maffersi
ARI	0001043	Autoimmune pancreatitis	skos:exactMatch	MONDO	0017227	manual-negative	github:maffersi
ARI	0001079	Dermatomyositis	skos:exactMatch	SNOMEDCT	1212005	manual-negative	github:maffersi
ARI	0001079	Dermatomyositis	skos:exactMatch	omop	4005037	manual-negative	github:maffersi
ARI	0001079	Dermatomyositis	skos:exactMatch	ORPHA	93672	manual-negative	github:maffersi
ARI	0001171	Psoriasis	skos:exactMatch	SNOMEDCT	37042000	manual-negative	github:maffersi
ARI	0001171	Psoriasis	skos:exactMatch	omop	4284492	manual-negative	github:maffersi
ARI	0001171	Psoriasis	skos:exactMatch	MONDO	0023297	manual-negative	github:maffersi
ARI	0001182	Rheumatic fever	skos:exactMatch	umls	C0264743	manual-negative	github:maffersi
ARI	0001120	Ligneous conjunctivitis	skos:exactMatch	DOID	0111592	manual-negative	github:maffersi
ARI	0001120	Ligneous conjunctivitis	skos:exactMatch	ORPHA	722	manual-negative	github:maffersi
ARI	0001120	Ligneous conjunctivitis	skos:exactMatch	umls	C1968804	manual-negative	github:maffersi
ARI	0001120	Ligneous conjunctivitis	skos:exactMatch	mesh	C580017	manual-negative	github:maffersi
ARI	0001137	Myelin oligodendrocyte glycoprotein antibody-associated disease	skos:exactMatch	SNOMEDCT	718213001	manual-negative	github:maffersi
ARI	0001137	Myelin oligodendrocyte glycoprotein antibody-associated disease	skos:exactMatch	omop	37397549	manual-negative	github:maffersi
ARI	0001022	Atypical hemolytic uremic syndrome with anti-factor H autoantibodies	skos:exactMatch	MONDO	0019738	manual-negative	github:maffersi
ARI	0001022	Atypical hemolytic uremic syndrome with anti-factor H autoantibodies	skos:exactMatch	ORPHA	93579	manual-negative	github:maffersi
ARI	0001209	Vitiligo	skos:exactMatch	ORPHA	247871	manual-negative	github:maffersi
ARI	0001043	Autoimmune pancreatitis	skos:exactMatch	icd10cm	NoTermFound	manual-absent	github:maffersi
ARI	0001084	Endometriosis	skos:exactMatch	ORPHA	NoTermFound	manual-absent	github:maffersi
ARI	0001133	Motor neuropathy with multiple conduction block	skos:exactMatch	DOID	683	manual	github:maffersi
ARI	0001133	Motor neuropathy with multiple conduction block	skos:exactMatch	ncit	NoTermFound	manual-absent	github:maffersi
ARI	0001133	Motor neuropathy with multiple conduction block	skos:exactMatch	mesh	NoTermFound	manual-absent	github:maffersi
ARI	0001058	Bullous systemic lupus erythematosus	skos:exactMatch	DOID	NoTermFound	manual-absent	github:maffersi
ARI	0001058	Bullous systemic lupus erythematosus	skos:exactMatch	icd10cm	NoTermFound	manual-absent	github:maffersi
ARI	0001058	Bullous systemic lupus erythematosus	skos:exactMatch	mesh	NoTermFound	manual-absent	github:maffersi
ARI	0001141	Neonatal lupus erythematosus	skos:exactMatch	DOID	NoTermFound	manual-absent	github:maffersi
ARI	0001141	Neonatal lupus erythematosus	skos:exactMatch	icd10cm	NoTermFound	manual-absent	github:maffersi
ARI	0001122	Limbic encephalitis with dipeptidyl-peptidase 6 antibodies	skos:exactMatch	DOID	NoTermFound	manual-absent	github:maffersi
ARI	0001122	Limbic encephalitis with dipeptidyl-peptidase 6 antibodies	skos:exactMatch	ncit	NoTermFound	manual-absent	github:maffersi
ARI	0001122	Limbic encephalitis with dipeptidyl-peptidase 6 antibodies	skos:exactMatch	icd10cm	NoTermFound	manual-absent	github:maffersi
ARI	0001122	Limbic encephalitis with dipeptidyl-peptidase 6 antibodies	skos:exactMatch	mesh	NoTermFound	manual-absent	github:maffersi
ARI	0001087	Epilepsy	skos:exactMatch	ORPHA	NoTermFound	manual-absent	github:maffersi
ARI	0001090	Essential mixed cryoglobulinemia	skos:exactMatch	DOID	NoTermFound	manual-absent	github:maffersi
ARI	0001090	Essential mixed cryoglobulinemia	skos:exactMatch	ncit	NoTermFound	manual-absent	github:maffersi
ARI	0001090	Essential mixed cryoglobulinemia	skos:exactMatch	icd10cm	NoTermFound	manual-absent	github:maffersi
ARI	0001195	Sympathetic uveitis	skos:exactMatch	ncit	NoTermFound	manual-absent	github:maffersi
ARI	0001188	Scleritis	skos:exactMatch	ORPHA	NoTermFound	manual-absent	github:maffersi
ARI	0001183	Rheumatoid aortitis	skos:exactMatch	ncit	NoTermFound	manual-absent	github:maffersi
ARI	0001183	Rheumatoid aortitis	skos:exactMatch	DOID	NoTermFound	manual-absent	github:maffersi
ARI	0001183	Rheumatoid aortitis	skos:exactMatch	icd10cm	NoTermFound	manual-absent	github:maffersi
ARI	0001183	Rheumatoid aortitis	skos:exactMatch	ORPHA	NoTermFound	manual-absent	github:maffersi
ARI	0001183	Rheumatoid aortitis	skos:exactMatch	umls	C0265017	manual	github:maffersi
ARI	0001183	Rheumatoid aortitis	skos:exactMatch	MONDO	NoTermFound	manual-absent	github:maffersi
ARI	0001183	Rheumatoid aortitis	skos:exactMatch	mesh	NoTermFound	manual-absent	github:maffersi
ARI	0001181	Rheumatic Chorea	skos:exactMatch	DOID	NoTermFound	manual-absent	github:maffersi
ARI	0001181	Rheumatic Chorea	skos:exactMatch	icd10cm	NoTermFound	manual-absent	github:maffersi
ARI	0001181	Rheumatic Chorea	skos:exactMatch	mesh	NoTermFound	manual-absent	github:maffersi
ARI	0001171	Psoriasis	skos:exactMatch	ORPHA	NoTermFound	manual-absent	github:maffersi
ARI	0001043	Autoimmune pancreatitis	skos:exactMatch	ncit	NoTermFound	manual-absent	github:maffersi
ARI	0001022	Atypical hemolytic uremic syndrome with anti-factor H autoantibodies	skos:exactMatch	DOID	NoTermFound	manual-absent	github:maffersi
ARI	0001022	Atypical hemolytic uremic syndrome with anti-factor H autoantibodies	skos:exactMatch	ncit	NoTermFound	manual-absent	github:maffersi
ARI	0001022	Atypical hemolytic uremic syndrome with anti-factor H autoantibodies	skos:exactMatch	icd10cm	NoTermFound	manual-absent	github:maffersi
ARI	0001022	Atypical hemolytic uremic syndrome with anti-factor H autoantibodies	skos:exactMatch	mesh	NoTermFound	manual-absent	github:maffersi
ARI	0001192	Steroid-responsive encephalopathy associated with autoimmune thyroiditis	skos:exactMatch	DOID	NoTermFound	manual-absent	github:maffersi
ARI	0001192	Steroid-responsive encephalopathy associated with autoimmune thyroiditis	skos:exactMatch	ncit	NoTermFound	manual-absent	github:maffersi
ARI	0001192	Steroid-responsive encephalopathy associated with autoimmune thyroiditis	skos:exactMatch	icd10cm	NoTermFound	manual-absent	github:maffersi
ARI	0001035	Autoimmune hypophysitis	skos:exactMatch	DOID	NoTermFound	manual-absent	github:maffersi
ARI	0001035	Autoimmune hypophysitis	skos:exactMatch	icd10cm	NoTermFound	manual-absent	github:maffersi
ARI	0001120	Ligneous conjunctivitis	skos:exactMatch	ncit	NoTermFound	manual-absent	github:maffersi
ARI	0001137	Myelin oligodendrocyte glycoprotein antibody-associated disease	skos:exactMatch	DOID	NoTermFound	manual-absent	github:maffersi
ARI	0001137	Myelin oligodendrocyte glycoprotein antibody-associated disease	skos:exactMatch	ncit	NoTermFound	manual-absent	github:maffersi
ARI	0001137	Myelin oligodendrocyte glycoprotein antibody-associated disease	skos:exactMatch	icd10cm	G37.81	manual	github:maffersi
ARI	0001137	Myelin oligodendrocyte glycoprotein antibody-associated disease	skos:exactMatch	ORPHA	NoTermFound	manual-absent	github:maffersi
ARI	0001034	Autoimmune hypoparathyroidism	skos:exactMatch	DOID	NoTermFound	manual-absent	github:maffersi
ARI	0001034	Autoimmune hypoparathyroidism	skos:exactMatch	ncit	NoTermFound	manual-absent	github:maffersi
ARI	0001034	Autoimmune hypoparathyroidism	skos:exactMatch	icd10cm	E20.812	manual	github:maffersi
ARI	0001034	Autoimmune hypoparathyroidism	skos:exactMatch	mesh	NoTermFound	manual-absent	github:maffersi
ARI	0001085	Enthesitis	skos:exactMatch	DOID	NoTermFound	manual-absent	github:maffersi
ARI	0001085	Enthesitis	skos:exactMatch	icd10cm	NoTermFound	manual-absent	github:maffersi
ARI	0001085	Enthesitis	skos:exactMatch	ORPHA	NoTermFound	manual-absent	github:maffersi
ARI	0001085	Enthesitis	skos:exactMatch	mesh	NoTermFound	manual-absent	github:maffersi
ARI	0001123	Limbic encephalitis with leucine-rich glioma-inactivated 1 antibodies	skos:exactMatch	DOID	NoTermFound	manual-absent	github:maffersi
ARI	0001123	Limbic encephalitis with leucine-rich glioma-inactivated 1 antibodies	skos:exactMatch	ncit	NoTermFound	manual-absent	github:maffersi
ARI	0001123	Limbic encephalitis with leucine-rich glioma-inactivated 1 antibodies	skos:exactMatch	icd10cm	NoTermFound	manual-absent	github:maffersi
ARI	0001123	Limbic encephalitis with leucine-rich glioma-inactivated 1 antibodies	skos:exactMatch	mesh	NoTermFound	manual-absent	github:maffersi
ARI	0001124	Linear IgA dermatosis	skos:exactMatch	DOID	NoTermFound	manual-absent	github:maffersi
ARI	0001124	Linear IgA dermatosis	skos:exactMatch	ncit	NoTermFound	manual-absent	github:maffersi
ARI	0001124	Linear IgA dermatosis	skos:exactMatch	icd10cm	L13.8	manual	github:maffersi
ARI	0001122	Limbic encephalitis with dipeptidyl-peptidase 6 antibodies	skos:exactMatch	ORPHA	NoTermFound	manual-absent	github:maffersi
ARI	0001123	Limbic encephalitis with leucine-rich glioma-inactivated 1 antibodies	skos:exactMatch	ORPHA	NoTermFound	manual-absent	github:maffersi
ARI	0001058	Bullous systemic lupus erythematosus	skos:exactMatch	ORPHA	NoTermFound	manual-absent	github:maffersi
ARI	0001002	Acquired hemophilia	skos:exactMatch	ORPHA	599480	manual-negative	github:Ari2215
ARI	0001002	Acquired hemophilia	skos:exactMatch	mesh	C536392	manual	github:Ari2215
ARI	0001005	Acute lichenoid pityriasis	skos:exactMatch	mesh	D017514	manual-negative	github:Ari2215
ARI	0001005	Acute lichenoid pityriasis	skos:exactMatch	mesh	NoTermFound	manual-absent	github:Ari2215
ARI	0001009	Age related macular degeneration	skos:exactMatch	MONDO	0005150	manual	github:Ari2215
ARI	0001009	Age related macular degeneration	skos:exactMatch	ORPHA	279	manual	github:Ari2215
ARI	0001010	Alopecia areata	skos:exactMatch	MONDO	0005340	manual	github:Ari2215
ARI	0001011	Angiofollicular lymph node hyperplasia	skos:exactMatch	MONDO	0015564	manual	github:Ari2215
ARI	0001011	Angiofollicular lymph node hyperplasia	skos:exactMatch	ORPHA	160	manual	github:Ari2215
ARI	0001020	Aortic valve calcification	skos:exactMatch	SNOMEDCT	250978003	manual	github:Ari2215
ARI	0001020	Aortic valve calcification	skos:exactMatch	omop	4108164	manual	github:Ari2215
ARI	0001020	Aortic valve calcification	skos:exactMatch	MONDO	0005463	manual	github:Ari2215
ARI	0001020	Aortic valve calcification	skos:exactMatch	umls	C0428791	manual	github:Ari2215
ARI	0001027	Autoimmune disorder of inner ear	skos:exactMatch	SNOMEDCT	232308006	manual	github:Ari2215
ARI	0001027	Autoimmune disorder of inner ear	skos:exactMatch	omop	4337463	manual	github:Ari2215
ARI	0001027	Autoimmune disorder of inner ear	skos:exactMatch	icd10cm	H81.0	manual-negative	github:Ari2215
ARI	0001027	Autoimmune disorder of inner ear	skos:exactMatch	icd10cm	H83.8X9	manual	github:Ari2215
ARI	0001027	Autoimmune disorder of inner ear	skos:exactMatch	umls	C0025281	manual-negative	github:Ari2215
ARI	0001027	Autoimmune disorder of inner ear	skos:exactMatch	umls	C0395947	manual	github:Ari2215
ARI	0001027	Autoimmune disorder of inner ear	skos:exactMatch	mesh	D008575	manual-negative	github:Ari2215
ARI	0001027	Autoimmune disorder of inner ear	skos:exactMatch	mesh	NoTermFound	manual-absent	github:Ari2215
ARI	0001029	Autoimmune encephalitis caused by N-methyl D-aspartate receptor antibody	skos:exactMatch	SNOMEDCT	716684004	manual-negative	github:Ari2215
ARI	0001029	Autoimmune encephalitis caused by N-methyl D-aspartate receptor antibody	skos:exactMatch	omop	764228	manual	github:Ari2215
ARI	0001029	Autoimmune encephalitis caused by N-methyl D-aspartate receptor antibody	skos:exactMatch	omop	37399546	manual-negative	github:Ari2215
ARI	0001029	Autoimmune encephalitis caused by N-methyl D-aspartate receptor antibody	skos:exactMatch	MONDO	0021081	manual	github:Ari2215
ARI	0001029	Autoimmune encephalitis caused by N-methyl D-aspartate receptor antibody	skos:exactMatch	ORPHA	217253	manual	github:Ari2215
ARI	0001029	Autoimmune encephalitis caused by N-methyl D-aspartate receptor antibody	skos:exactMatch	umls	C2986717	manual	github:Ari2215
ARI	0001029	Autoimmune encephalitis caused by N-methyl D-aspartate receptor antibody	skos:exactMatch	umls	C5700343	manual	github:Ari2215
ARI	0001029	Autoimmune encephalitis caused by N-methyl D-aspartate receptor antibody	skos:exactMatch	mesh	D060426	manual	github:Ari2215
ARI	0001037	Autoimmune limbic encephalitis	skos:exactMatch	SNOMEDCT	1300193002	manual	github:Ari2215
ARI	0001037	Autoimmune limbic encephalitis	skos:exactMatch	omop	1245375	manual	github:Ari2215
ARI	0001037	Autoimmune limbic encephalitis	skos:exactMatch	MONDO	0850097	manual	github:Ari2215
ARI	0001037	Autoimmune limbic encephalitis	skos:exactMatch	ORPHA	623615	manual	github:Ari2215
ARI	0001037	Autoimmune limbic encephalitis	skos:exactMatch	umls	C2930824	manual	github:Ari2215
ARI	0001037	Autoimmune limbic encephalitis	skos:exactMatch	mesh	C531729	manual	github:Ari2215
ARI	0001042	Autoimmune optic neuropathy	skos:exactMatch	SNOMEDCT	838324008	manual	github:Ari2215
ARI	0001042	Autoimmune optic neuropathy	skos:exactMatch	omop	3654632	manual	github:Ari2215
ARI	0001055	Bickerstaff's brainstem encephalitis	skos:exactMatch	icd10cm	G04.81	manual	github:Ari2215
ARI	0001055	Bickerstaff's brainstem encephalitis	skos:exactMatch	umls	C1960543	manual	github:Ari2215
ARI	0001121	Limbic encephalitis	skos:exactMatch	SNOMEDCT	230192003	manual	github:Ari2215
ARI	0001121	Limbic encephalitis	skos:exactMatch	omop	4041673	manual	github:Ari2215
ARI	0001121	Limbic encephalitis	skos:exactMatch	DOID	0080741	manual	github:Ari2215
ARI	0001121	Limbic encephalitis	skos:exactMatch	MONDO	0015588	manual	github:Ari2215
ARI	0001121	Limbic encephalitis	skos:exactMatch	ncit	C4350	manual	github:Ari2215
ARI	0001121	Limbic encephalitis	skos:exactMatch	ORPHA	163892	manual-negative	github:Ari2215
ARI	0001121	Limbic encephalitis	skos:exactMatch	umls	C0338430	manual	github:Ari2215
ARI	0001121	Limbic encephalitis	skos:exactMatch	mesh	D020363	manual	github:Ari2215
ARI	0001002	Acquired hemophilia	skos:exactMatch	ORPHA	98878	manual-negative	github:Ari2215
ARI	0001003	Acute disseminated encephalomyelitis	skos:exactMatch	SNOMEDCT	72986009	manual-negative	github:Ari2215
ARI	0001007	Adult-onset immunodeficiency due to anti-IFN-gamma autoantibodies	skos:exactMatch	MONDO	0017617	manual	github:Ari2215
ARI	0001007	Adult-onset immunodeficiency due to anti-IFN-gamma autoantibodies	skos:exactMatch	ORPHA	306431	manual	github:Ari2215
ARI	0001007	Adult-onset immunodeficiency due to anti-IFN-gamma autoantibodies	skos:exactMatch	umls	C5191336	manual	github:Ari2215
ARI	0001013	Anti-CASPR2 autoimmune encephalitis	skos:exactMatch	SNOMEDCT	763803004	manual-negative	github:Ari2215
ARI	0001013	Anti-CASPR2 autoimmune encephalitis	skos:exactMatch	omop	35622356	manual-negative	github:Ari2215
ARI	0001013	Anti-CASPR2 autoimmune encephalitis	skos:exactMatch	MONDO	0017179	manual-negative	github:Ari2215
ARI	0001013	Anti-CASPR2 autoimmune encephalitis	skos:exactMatch	ORPHA	83467	manual-negative	github:Ari2215
ARI	0001013	Anti-CASPR2 autoimmune encephalitis	skos:exactMatch	ORPHA	276402	manual-negative	github:Ari2215
ARI	0001013	Anti-CASPR2 autoimmune encephalitis	skos:exactMatch	umls	C3854373	manual-negative	github:Ari2215
ARI	0001013	Anti-CASPR2 autoimmune encephalitis	skos:exactMatch	umls	C4706582	manual-negative	github:Ari2215
ARI	0001027	Autoimmune disorder of inner ear	skos:exactMatch	SNOMEDCT	13445001	manual-negative	github:Ari2215
ARI	0001027	Autoimmune disorder of inner ear	skos:exactMatch	omop	79833	manual-negative	github:Ari2215
ARI	0001027	Autoimmune disorder of inner ear	skos:exactMatch	DOID	9849	manual-negative	github:Ari2215
ARI	0001027	Autoimmune disorder of inner ear	skos:exactMatch	MONDO	0007972	manual-negative	github:Ari2215
ARI	0001027	Autoimmune disorder of inner ear	skos:exactMatch	ncit	C185243	manual-negative	github:Ari2215
ARI	0001027	Autoimmune disorder of inner ear	skos:exactMatch	ORPHA	45360	manual-negative	github:Ari2215
ARI	0001029	Autoimmune encephalitis caused by N-methyl D-aspartate receptor antibody	skos:exactMatch	SNOMEDCT	452281000124106	manual	github:Ari2215
ARI	0001029	Autoimmune encephalitis caused by N-methyl D-aspartate receptor antibody	skos:exactMatch	ncit	C94853	manual	github:Ari2215
ARI	0001055	Bickerstaff's brainstem encephalitis	skos:exactMatch	MONDO	0019208	manual	github:Ari2215
ARI	0001055	Bickerstaff's brainstem encephalitis	skos:exactMatch	ORPHA	79138	manual	github:Ari2215
ARI	0001024	Autoimmune cerebellar ataxia	skos:exactMatch	DOID	0050753	manual-negative	github:Ari2215
ARI	0001024	Autoimmune cerebellar ataxia	skos:exactMatch	MONDO	0000437	manual-negative	github:Ari2215
ARI	0001024	Autoimmune cerebellar ataxia	skos:exactMatch	ncit	C82341	manual-negative	github:Ari2215
ARI	0001024	Autoimmune cerebellar ataxia	skos:exactMatch	ORPHA	624268	manual-negative	github:Ari2215
ARI	0001024	Autoimmune cerebellar ataxia	skos:exactMatch	ORPHA	102002	manual-negative	github:Ari2215
ARI	0001024	Autoimmune cerebellar ataxia	skos:exactMatch	umls	C5576703	manual-negative	github:Ari2215
ARI	0001024	Autoimmune cerebellar ataxia	skos:exactMatch	umls	C0007758	manual-negative	github:Ari2215
ARI	0001024	Autoimmune cerebellar ataxia	skos:exactMatch	mesh	D002524	manual-negative	github:Ari2215
ARI	0001025	Autoimmune diabetes insipidus (neurogenic)	skos:exactMatch	SNOMEDCT	45369008	manual-negative	github:Ari2215
ARI	0001025	Autoimmune diabetes insipidus (neurogenic)	skos:exactMatch	DOID	0081055	manual-negative	github:Ari2215
ARI	0001025	Autoimmune diabetes insipidus (neurogenic)	skos:exactMatch	DOID	12388	manual-negative	github:Ari2215
ARI	0001025	Autoimmune diabetes insipidus (neurogenic)	skos:exactMatch	MONDO	0015790	manual-negative	github:Ari2215
ARI	0001025	Autoimmune diabetes insipidus (neurogenic)	skos:exactMatch	MONDO	0007450	manual-negative	github:Ari2215
ARI	0001025	Autoimmune diabetes insipidus (neurogenic)	skos:exactMatch	MONDO	0019846	manual-negative	github:Ari2215
ARI	0001025	Autoimmune diabetes insipidus (neurogenic)	skos:exactMatch	ncit	C84933	manual-negative	github:Ari2215
ARI	0001025	Autoimmune diabetes insipidus (neurogenic)	skos:exactMatch	icd10cm	E23.2	manual-negative	github:Ari2215
ARI	0001025	Autoimmune diabetes insipidus (neurogenic)	skos:exactMatch	ORPHA	178029	manual-negative	github:Ari2215
ARI	0001025	Autoimmune diabetes insipidus (neurogenic)	skos:exactMatch	ORPHA	30925	manual-negative	github:Ari2215
ARI	0001025	Autoimmune diabetes insipidus (neurogenic)	skos:exactMatch	ORPHA	95626	manual-negative	github:Ari2215
ARI	0001025	Autoimmune diabetes insipidus (neurogenic)	skos:exactMatch	umls	C0687720	manual-negative	github:Ari2215
ARI	0001025	Autoimmune diabetes insipidus (neurogenic)	skos:exactMatch	umls	C5680256	manual-negative	github:Ari2215
ARI	0001025	Autoimmune diabetes insipidus (neurogenic)	skos:exactMatch	umls	C0342394	manual-negative	github:Ari2215
ARI	0001025	Autoimmune diabetes insipidus (neurogenic)	skos:exactMatch	umls	C5680110	manual-negative	github:Ari2215
ARI	0001025	Autoimmune diabetes insipidus (neurogenic)	skos:exactMatch	mesh	D020790	manual-negative	github:Ari2215
ARI	0001042	Autoimmune optic neuropathy	skos:exactMatch	DOID	0060499	manual-negative	github:Ari2215
ARI	0001042	Autoimmune optic neuropathy	skos:exactMatch	DOID	0040087	manual-negative	github:Ari2215
ARI	0001042	Autoimmune optic neuropathy	skos:exactMatch	DOID	1891	manual-negative	github:Ari2215
ARI	0001042	Autoimmune optic neuropathy	skos:exactMatch	MONDO	0044685	manual	github:Ari2215
ARI	0001042	Autoimmune optic neuropathy	skos:exactMatch	MONDO	0000774	manual-negative	github:Ari2215
ARI	0001042	Autoimmune optic neuropathy	skos:exactMatch	ncit	C118711	manual-negative	github:Ari2215
ARI	0001042	Autoimmune optic neuropathy	skos:exactMatch	ncit	C79698	manual-negative	github:Ari2215
ARI	0001042	Autoimmune optic neuropathy	skos:exactMatch	ORPHA	499047	manual	github:Ari2215
ARI	0001042	Autoimmune optic neuropathy	skos:exactMatch	ORPHA	519335	manual-negative	github:Ari2215
ARI	0001042	Autoimmune optic neuropathy	skos:exactMatch	umls	C5681239	manual	github:Ari2215
ARI	0001042	Autoimmune optic neuropathy	skos:exactMatch	umls	C0029132	manual-negative	github:Ari2215
ARI	0001042	Autoimmune optic neuropathy	skos:exactMatch	umls	C2748363	manual-negative	github:Ari2215
ARI	0001042	Autoimmune optic neuropathy	skos:exactMatch	mesh	D009901	manual-negative	github:Ari2215
ARI	0001024	Autoimmune cerebellar ataxia	skos:exactMatch	SNOMEDCT	85102008	manual-negative	github:Ari2215
ARI	0001048	Autoimmune thyroiditis	skos:exactMatch	ORPHA	855	manual-negative	github:KrishnaTO
ARI	0001048	Autoimmune thyroiditis	skos:exactMatch	ncit	C27191	manual-negative	github:KrishnaTO
ARI	0001216	Hashimoto's thyroiditis	skos:exactMatch	MONDO	0007699	manual	github:KrishnaTO
ARI	0001216	Hashimoto's thyroiditis	skos:exactMatch	ORPHA	855	manual	github:KrishnaTO
ARI	0001216	Hashimoto's thyroiditis	skos:exactMatch	ncit	C27191	manual	github:KrishnaTO
ARI	0001216	Hashimoto's thyroiditis	skos:exactMatch	SNOMEDCT	21983002	manual	github:KrishnaTO
ARI	0001216	Hashimoto's thyroiditis	skos:exactMatch	omop	135215	manual	github:KrishnaTO
ARI	0001019	Antisynthetase syndrome	skos:exactMatch	umls	C2609059	manual	github:KrishnaTO
ARI	0001019	Antisynthetase syndrome	skos:exactMatch	umls	C5959873	manual	github:KrishnaTO
ARI	0001019	Antisynthetase syndrome	skos:exactMatch	mesh	C537778	manual	github:KrishnaTO
ARI	0001177	Reactive arthritis	skos:exactMatch	ncit	C128332	manual	github:KrishnaTO
ARI	0001046	Autoimmune retinal vasculitis	skos:exactMatch	SNOMEDCT	427213005	manual-negative	github:KrishnaTO
ARI	0001046	Autoimmune retinal vasculitis	skos:exactMatch	SNOMEDCT	77628002	manual-negative	github:KrishnaTO
ARI	0001046	Autoimmune retinal vasculitis	skos:exactMatch	icd10cm	H35.06	manual-negative	github:KrishnaTO
ARI	0001046	Autoimmune retinal vasculitis	skos:exactMatch	mesh	D031300	manual-negative	github:KrishnaTO
ARI	0001046	Autoimmune retinal vasculitis	skos:exactMatch	umls	C1328843	manual-negative	github:KrishnaTO
ARI	0001046	Autoimmune retinal vasculitis	skos:exactMatch	umls	C0152026	manual-negative	github:KrishnaTO
ARI	0001046	Autoimmune retinal vasculitis	skos:exactMatch	MONDO	0006950	manual-negative	github:KrishnaTO
ARI	0001046	Autoimmune retinal vasculitis	skos:exactMatch	MONDO	0030703	manual-negative	github:KrishnaTO
ARI	0001046	Autoimmune retinal vasculitis	skos:exactMatch	DOID	11563	manual-negative	github:KrishnaTO
ARI	0001046	Autoimmune retinal vasculitis	skos:exactMatch	DOID	0040097	manual-negative	github:KrishnaTO
ARI	0001007	Adult-onset immunodeficiency due to anti-IFN-gamma autoantibodies	skos:exactMatch	DOID	NoTermFound	manual-absent	github:KrishnaTO
ARI	0001007	Adult-onset immunodeficiency due to anti-IFN-gamma autoantibodies	skos:exactMatch	ncit	NoTermFound	manual-absent	github:KrishnaTO
ARI	0001007	Adult-onset immunodeficiency due to anti-IFN-gamma autoantibodies	skos:exactMatch	icd10cm	NoTermFound	manual-absent	github:KrishnaTO
ARI	0001007	Adult-onset immunodeficiency due to anti-IFN-gamma autoantibodies	skos:exactMatch	mesh	NoTermFound	manual-absent	github:KrishnaTO
ARI	0001010	Alopecia areata	skos:exactMatch	ncit	NoTermFound	manual-absent	github:KrishnaTO
ARI	0001010	Alopecia areata	skos:exactMatch	ORPHA	NoTermFound	manual-absent	github:KrishnaTO
ARI	0001013	Anti-CASPR2 autoimmune encephalitis	skos:exactMatch	SNOMEDCT	NoTermFound	manual-absent	github:KrishnaTO
ARI	0001013	Anti-CASPR2 autoimmune encephalitis	skos:exactMatch	omop	NoTermFound	manual-absent	github:KrishnaTO
ARI	0001013	Anti-CASPR2 autoimmune encephalitis	skos:exactMatch	DOID	NoTermFound	manual-absent	github:KrishnaTO
ARI	0001013	Anti-CASPR2 autoimmune encephalitis	skos:exactMatch	MONDO	NoTermFound	manual-absent	github:KrishnaTO
ARI	0001013	Anti-CASPR2 autoimmune encephalitis	skos:exactMatch	ncit	NoTermFound	manual-absent	github:KrishnaTO
ARI	0001013	Anti-CASPR2 autoimmune encephalitis	skos:exactMatch	icd10cm	NoTermFound	manual-absent	github:KrishnaTO
ARI	0001013	Anti-CASPR2 autoimmune encephalitis	skos:exactMatch	ORPHA	NoTermFound	manual-absent	github:KrishnaTO
ARI	0001013	Anti-CASPR2 autoimmune encephalitis	skos:exactMatch	umls	NoTermFound	manual-absent	github:KrishnaTO
ARI	0001013	Anti-CASPR2 autoimmune encephalitis	skos:exactMatch	mesh	NoTermFound	manual-absent	github:KrishnaTO
ARI	0001015	Anti-MAG neuropathy	skos:exactMatch	SNOMEDCT	NoTermFound	manual-absent	github:KrishnaTO
ARI	0001015	Anti-MAG neuropathy	skos:exactMatch	omop	NoTermFound	manual-absent	github:KrishnaTO
ARI	0001015	Anti-MAG neuropathy	skos:exactMatch	DOID	NoTermFound	manual-absent	github:KrishnaTO
ARI	0001015	Anti-MAG neuropathy	skos:exactMatch	ncit	NoTermFound	manual-absent	github:KrishnaTO
ARI	0001015	Anti-MAG neuropathy	skos:exactMatch	icd10cm	NoTermFound	manual-absent	github:KrishnaTO
ARI	0001015	Anti-MAG neuropathy	skos:exactMatch	mesh	NoTermFound	manual-absent	github:KrishnaTO
ARI	0001016	Anti-MDA5 amyopathic dermatomyositis with rapidly progressive ILD	skos:exactMatch	SNOMEDCT	NoTermFound	manual-absent	github:KrishnaTO
ARI	0001016	Anti-MDA5 amyopathic dermatomyositis with rapidly progressive ILD	skos:exactMatch	omop	NoTermFound	manual-absent	github:KrishnaTO
ARI	0001016	Anti-MDA5 amyopathic dermatomyositis with rapidly progressive ILD	skos:exactMatch	DOID	NoTermFound	manual-absent	github:KrishnaTO
ARI	0001016	Anti-MDA5 amyopathic dermatomyositis with rapidly progressive ILD	skos:exactMatch	MONDO	NoTermFound	manual-absent	github:KrishnaTO
ARI	0001016	Anti-MDA5 amyopathic dermatomyositis with rapidly progressive ILD	skos:exactMatch	umls	NoTermFound	manual-absent	github:KrishnaTO
ARI	0001016	Anti-MDA5 amyopathic dermatomyositis with rapidly progressive ILD	skos:exactMatch	ORPHA	NoTermFound	manual-absent	github:KrishnaTO
ARI	0001016	Anti-MDA5 amyopathic dermatomyositis with rapidly progressive ILD	skos:exactMatch	icd10cm	NoTermFound	manual-absent	github:KrishnaTO
ARI	0001016	Anti-MDA5 amyopathic dermatomyositis with rapidly progressive ILD	skos:exactMatch	ncit	NoTermFound	manual-absent	github:KrishnaTO
ARI	0001016	Anti-MDA5 amyopathic dermatomyositis with rapidly progressive ILD	skos:exactMatch	mesh	NoTermFound	manual-absent	github:KrishnaTO
ARI	0001014	Anti-glomerular basement membrane disease	skos:exactMatch	icd10cm	NoTermFound	manual-absent	github:KrishnaTO
ARI	0001017	Antineutrophil cytoplasmic antibody positive vasculitis	skos:exactMatch	DOID	NoTermFound	manual-absent	github:KrishnaTO
ARI	0001019	Antisynthetase syndrome	skos:exactMatch	ncit	NoTermFound	manual-absent	github:KrishnaTO
ARI	0001019	Antisynthetase syndrome	skos:exactMatch	icd10cm	NoTermFound	manual-absent	github:KrishnaTO
ARI	0001020	Aortic valve calcification	skos:exactMatch	DOID	NoTermFound	manual-absent	github:KrishnaTO
ARI	0001020	Aortic valve calcification	skos:exactMatch	ncit	NoTermFound	manual-absent	github:KrishnaTO
ARI	0001020	Aortic valve calcification	skos:exactMatch	icd10cm	NoTermFound	manual-absent	github:KrishnaTO
ARI	0001020	Aortic valve calcification	skos:exactMatch	ORPHA	NoTermFound	manual-absent	github:KrishnaTO
ARI	0001210	Vogt-Koyanagi-Harada disease	skos:exactMatch	ncit	NoTermFound	manual-absent	github:KrishnaTO
ARI	0001185	Rheumatoid vasculitis	skos:exactMatch	DOID	NoTermFound	manual-absent	github:KrishnaTO
ARI	0001185	Rheumatoid vasculitis	skos:exactMatch	ncit	NoTermFound	manual-absent	github:KrishnaTO
ARI	0001185	Rheumatoid vasculitis	skos:exactMatch	icd10cm	NoTermFound	manual-absent	github:KrishnaTO
ARI	0001185	Rheumatoid vasculitis	skos:exactMatch	ORPHA	NoTermFound	manual-absent	github:KrishnaTO
ARI	0001179	Restless legs	skos:exactMatch	ORPHA	NoTermFound	manual-absent	github:KrishnaTO
ARI	0001177	Reactive arthritis	skos:exactMatch	icd10cm	NoTermFound	manual-absent	github:KrishnaTO
ARI	0001047	Autoimmune retinopathy	skos:exactMatch	DOID	NoTermFound	manual-absent	github:KrishnaTO
ARI	0001047	Autoimmune retinopathy	skos:exactMatch	ncit	NoTermFound	manual-absent	github:KrishnaTO
ARI	0001047	Autoimmune retinopathy	skos:exactMatch	icd10cm	NoTermFound	manual-absent	github:KrishnaTO
ARI	0001047	Autoimmune retinopathy	skos:exactMatch	ORPHA	NoTermFound	manual-absent	github:KrishnaTO
ARI	0001047	Autoimmune retinopathy	skos:exactMatch	mesh	NoTermFound	manual-absent	github:KrishnaTO
ARI	0001045	Autoimmune pulmonary alveolar proteinosis	skos:exactMatch	mesh	NoTermFound	manual-absent	github:KrishnaTO
ARI	0001023	Autoimmune angioedema	skos:exactMatch	DOID	NoTermFound	manual-absent	github:KrishnaTO
ARI	0001023	Autoimmune angioedema	skos:exactMatch	MONDO	NoTermFound	manual-absent	github:KrishnaTO
ARI	0001023	Autoimmune angioedema	skos:exactMatch	ncit	NoTermFound	manual-absent	github:KrishnaTO
ARI	0001023	Autoimmune angioedema	skos:exactMatch	icd10cm	NoTermFound	manual-absent	github:KrishnaTO
ARI	0001023	Autoimmune angioedema	skos:exactMatch	ORPHA	NoTermFound	manual-absent	github:KrishnaTO
ARI	0001023	Autoimmune angioedema	skos:exactMatch	umls	NoTermFound	manual-absent	github:KrishnaTO
ARI	0001023	Autoimmune angioedema	skos:exactMatch	mesh	NoTermFound	manual-absent	github:KrishnaTO
ARI	0001024	Autoimmune cerebellar ataxia	skos:exactMatch	SNOMEDCT	NoTermFound	manual-absent	github:KrishnaTO
ARI	0001024	Autoimmune cerebellar ataxia	skos:exactMatch	omop	NoTermFound	manual-absent	github:KrishnaTO
ARI	0001024	Autoimmune cerebellar ataxia	skos:exactMatch	DOID	NoTermFound	manual-absent	github:KrishnaTO
ARI	0001024	Autoimmune cerebellar ataxia	skos:exactMatch	MONDO	NoTermFound	manual-absent	github:KrishnaTO
ARI	0001024	Autoimmune cerebellar ataxia	skos:exactMatch	ncit	NoTermFound	manual-absent	github:KrishnaTO
ARI	0001024	Autoimmune cerebellar ataxia	skos:exactMatch	icd10cm	NoTermFound	manual-absent	github:KrishnaTO
ARI	0001024	Autoimmune cerebellar ataxia	skos:exactMatch	ORPHA	NoTermFound	manual-absent	github:KrishnaTO
ARI	0001024	Autoimmune cerebellar ataxia	skos:exactMatch	umls	NoTermFound	manual-absent	github:KrishnaTO
ARI	0001024	Autoimmune cerebellar ataxia	skos:exactMatch	mesh	NoTermFound	manual-absent	github:KrishnaTO
ARI	0001025	Autoimmune diabetes insipidus (neurogenic)	skos:exactMatch	SNOMEDCT	NoTermFound	manual-absent	github:KrishnaTO
ARI	0001025	Autoimmune diabetes insipidus (neurogenic)	skos:exactMatch	omop	NoTermFound	manual-absent	github:KrishnaTO
ARI	0001025	Autoimmune diabetes insipidus (neurogenic)	skos:exactMatch	DOID	NoTermFound	manual-absent	github:KrishnaTO
ARI	0001025	Autoimmune diabetes insipidus (neurogenic)	skos:exactMatch	MONDO	NoTermFound	manual-absent	github:KrishnaTO
ARI	0001025	Autoimmune diabetes insipidus (neurogenic)	skos:exactMatch	ncit	NoTermFound	manual-absent	github:KrishnaTO
ARI	0001025	Autoimmune diabetes insipidus (neurogenic)	skos:exactMatch	icd10cm	NoTermFound	manual-absent	github:KrishnaTO
ARI	0001025	Autoimmune diabetes insipidus (neurogenic)	skos:exactMatch	ORPHA	NoTermFound	manual-absent	github:KrishnaTO
ARI	0001025	Autoimmune diabetes insipidus (neurogenic)	skos:exactMatch	umls	NoTermFound	manual-absent	github:KrishnaTO
ARI	0001025	Autoimmune diabetes insipidus (neurogenic)	skos:exactMatch	mesh	NoTermFound	manual-absent	github:KrishnaTO
ARI	0001027	Autoimmune disorder of inner ear	skos:exactMatch	DOID	NoTermFound	manual-absent	github:KrishnaTO
ARI	0001027	Autoimmune disorder of inner ear	skos:exactMatch	MONDO	NoTermFound	manual-absent	github:KrishnaTO
ARI	0001027	Autoimmune disorder of inner ear	skos:exactMatch	ncit	NoTermFound	manual-absent	github:KrishnaTO
ARI	0001027	Autoimmune disorder of inner ear	skos:exactMatch	ORPHA	NoTermFound	manual-absent	github:KrishnaTO
ARI	0001029	Autoimmune encephalitis caused by N-methyl D-aspartate receptor antibody	skos:exactMatch	DOID	NoTermFound	manual-absent	github:KrishnaTO
ARI	0001029	Autoimmune encephalitis caused by N-methyl D-aspartate receptor antibody	skos:exactMatch	icd10cm	NoTermFound	manual-absent	github:KrishnaTO
ARI	0001030	Autoimmune ganglionopathy	skos:exactMatch	DOID	NoTermFound	manual-absent	github:KrishnaTO
ARI	0001030	Autoimmune ganglionopathy	skos:exactMatch	ncit	NoTermFound	manual-absent	github:KrishnaTO
ARI	0001030	Autoimmune ganglionopathy	skos:exactMatch	icd10cm	NoTermFound	manual-absent	github:KrishnaTO
ARI	0001030	Autoimmune ganglionopathy	skos:exactMatch	ORPHA	NoTermFound	manual-absent	github:KrishnaTO
ARI	0001030	Autoimmune ganglionopathy	skos:exactMatch	mesh	NoTermFound	manual-absent	github:KrishnaTO
ARI	0001031	Autoimmune gastritis	skos:exactMatch	icd10cm	NoTermFound	manual-absent	github:KrishnaTO
ARI	0001031	Autoimmune gastritis	skos:exactMatch	ORPHA	NoTermFound	manual-absent	github:KrishnaTO
ARI	0001031	Autoimmune gastritis	skos:exactMatch	mesh	NoTermFound	manual-absent	github:KrishnaTO
ARI	0001033	Autoimmune hepatitis	skos:exactMatch	umls	NoTermFound	manual-absent	github:KrishnaTO
ARI	0001036	Autoimmune-Inflammatory Syndrome Induced by Adjuvants	skos:exactMatch	omop	NoTermFound	manual-absent	github:KrishnaTO
ARI	0001037	Autoimmune limbic encephalitis	skos:exactMatch	DOID	NoTermFound	manual-absent	github:KrishnaTO
ARI	0001037	Autoimmune limbic encephalitis	skos:exactMatch	ncit	NoTermFound	manual-absent	github:KrishnaTO
ARI	0001037	Autoimmune limbic encephalitis	skos:exactMatch	icd10cm	NoTermFound	manual-absent	github:KrishnaTO
ARI	0001041	Autoimmune oophoritis	skos:exactMatch	SNOMEDCT	NoTermFound	manual-absent	github:KrishnaTO
ARI	0001041	Autoimmune oophoritis	skos:exactMatch	omop	NoTermFound	manual-absent	github:KrishnaTO
ARI	0001042	Autoimmune optic neuropathy	skos:exactMatch	DOID	NoTermFound	manual-absent	github:KrishnaTO
ARI	0001042	Autoimmune optic neuropathy	skos:exactMatch	ncit	NoTermFound	manual-absent	github:KrishnaTO
ARI	0001042	Autoimmune optic neuropathy	skos:exactMatch	icd10cm	NoTermFound	manual-absent	github:KrishnaTO
ARI	0001042	Autoimmune optic neuropathy	skos:exactMatch	mesh	NoTermFound	manual-absent	github:KrishnaTO
ARI	0001048	Autoimmune thyroiditis	skos:exactMatch	ncit	NoTermFound	manual-absent	github:KrishnaTO
ARI	0001048	Autoimmune thyroiditis	skos:exactMatch	ORPHA	NoTermFound	manual-absent	github:KrishnaTO
ARI	0001055	Bickerstaff's brainstem encephalitis	skos:exactMatch	DOID	NoTermFound	manual-absent	github:KrishnaTO
ARI	0001055	Bickerstaff's brainstem encephalitis	skos:exactMatch	ncit	NoTermFound	manual-absent	github:KrishnaTO
ARI	0001055	Bickerstaff's brainstem encephalitis	skos:exactMatch	mesh	NoTermFound	manual-absent	github:KrishnaTO
ARI	0001056	Birdshot chorioretinopathy	skos:exactMatch	SNOMEDCT	NoTermFound	manual-absent	github:KrishnaTO
ARI	0001056	Birdshot chorioretinopathy	skos:exactMatch	omop	NoTermFound	manual-absent	github:KrishnaTO
ARI	0001056	Birdshot chorioretinopathy	skos:exactMatch	DOID	NoTermFound	manual-absent	github:KrishnaTO
ARI	0001056	Birdshot chorioretinopathy	skos:exactMatch	ORPHA	NoTermFound	manual-absent	github:KrishnaTO
ARI	0001059	Calcinosis due to childhood type dermatomyositis	skos:exactMatch	DOID	NoTermFound	manual-absent	github:KrishnaTO
ARI	0001059	Calcinosis due to childhood type dermatomyositis	skos:exactMatch	MONDO	NoTermFound	manual-absent	github:KrishnaTO
ARI	0001059	Calcinosis due to childhood type dermatomyositis	skos:exactMatch	ncit	NoTermFound	manual-absent	github:KrishnaTO
ARI	0001059	Calcinosis due to childhood type dermatomyositis	skos:exactMatch	icd10cm	NoTermFound	manual-absent	github:KrishnaTO
ARI	0001059	Calcinosis due to childhood type dermatomyositis	skos:exactMatch	ORPHA	NoTermFound	manual-absent	github:KrishnaTO
ARI	0001059	Calcinosis due to childhood type dermatomyositis	skos:exactMatch	mesh	NoTermFound	manual-absent	github:KrishnaTO
ARI	0001075	CTLA4 haploinsufficiency	skos:exactMatch	ORPHA	NoTermFound	manual-absent	github:KrishnaTO
ARI	0001077	Cutaneous mastocytosis	skos:exactMatch	icd10cm	NoTermFound	manual-absent	github:KrishnaTO
ARI	0001079	Dermatomyositis	skos:exactMatch	icd10cm	NoTermFound	manual-absent	github:KrishnaTO
ARI	0001088	Episcleritis	skos:exactMatch	DOID	NoTermFound	manual-absent	github:KrishnaTO
ARI	0001088	Episcleritis	skos:exactMatch	MONDO	NoTermFound	manual-absent	github:KrishnaTO
ARI	0001088	Episcleritis	skos:exactMatch	icd10cm	NoTermFound	manual-absent	github:KrishnaTO
ARI	0001088	Episcleritis	skos:exactMatch	ORPHA	NoTermFound	manual-absent	github:KrishnaTO
ARI	0001088	Episcleritis	skos:exactMatch	mesh	NoTermFound	manual-absent	github:KrishnaTO
ARI	0001089	Erythema nodosum	skos:exactMatch	ncit	NoTermFound	manual-absent	github:KrishnaTO
ARI	0001089	Erythema nodosum	skos:exactMatch	ORPHA	NoTermFound	manual-absent	github:KrishnaTO
ARI	0001089	Erythema nodosum	skos:exactMatch	umls	NoTermFound	manual-absent	github:KrishnaTO
ARI	0001090	Essential mixed cryoglobulinemia	skos:exactMatch	mesh	NoTermFound	manual-absent	github:KrishnaTO
ARI	0001117	Juvenile Rheumatoid Arthritis	skos:exactMatch	DOID	NoTermFound	manual-absent	github:KrishnaTO
ARI	0001117	Juvenile Rheumatoid Arthritis	skos:exactMatch	icd10cm	NoTermFound	manual-absent	github:KrishnaTO
ARI	0001117	Juvenile Rheumatoid Arthritis	skos:exactMatch	ORPHA	NoTermFound	manual-absent	github:KrishnaTO
ARI	0001117	Juvenile Rheumatoid Arthritis	skos:exactMatch	umls	NoTermFound	manual-absent	github:KrishnaTO
ARI	0001119	Lichen sclerosus	skos:exactMatch	DOID	NoTermFound	manual-absent	github:KrishnaTO
ARI	0001120	Ligneous conjunctivitis	skos:exactMatch	DOID	NoTermFound	manual-absent	github:KrishnaTO
ARI	0001120	Ligneous conjunctivitis	skos:exactMatch	mesh	NoTermFound	manual-absent	github:KrishnaTO
ARI	0001121	Limbic encephalitis	skos:exactMatch	icd10cm	NoTermFound	manual-absent	github:KrishnaTO
ARI	0001121	Limbic encephalitis	skos:exactMatch	ORPHA	NoTermFound	manual-absent	github:KrishnaTO
ARI	0001126	Lupus vasculitis	skos:exactMatch	DOID	NoTermFound	manual-absent	github:KrishnaTO
ARI	0001126	Lupus vasculitis	skos:exactMatch	MONDO	NoTermFound	manual-absent	github:KrishnaTO
ARI	0001126	Lupus vasculitis	skos:exactMatch	ncit	NoTermFound	manual-absent	github:KrishnaTO
ARI	0001126	Lupus vasculitis	skos:exactMatch	icd10cm	NoTermFound	manual-absent	github:KrishnaTO
ARI	0001126	Lupus vasculitis	skos:exactMatch	ORPHA	NoTermFound	manual-absent	github:KrishnaTO
ARI	0001126	Lupus vasculitis	skos:exactMatch	umls	NoTermFound	manual-absent	github:KrishnaTO
ARI	0001126	Lupus vasculitis	skos:exactMatch	mesh	NoTermFound	manual-absent	github:KrishnaTO
ARI	0001127	Male infertility associated with antisperm antibodies	skos:exactMatch	DOID	NoTermFound	manual-absent	github:KrishnaTO
ARI	0001127	Male infertility associated with antisperm antibodies	skos:exactMatch	MONDO	NoTermFound	manual-absent	github:KrishnaTO
ARI	0001127	Male infertility associated with antisperm antibodies	skos:exactMatch	ncit	NoTermFound	manual-absent	github:KrishnaTO
ARI	0001127	Male infertility associated with antisperm antibodies	skos:exactMatch	icd10cm	NoTermFound	manual-absent	github:KrishnaTO
ARI	0001127	Male infertility associated with antisperm antibodies	skos:exactMatch	ORPHA	NoTermFound	manual-absent	github:KrishnaTO
ARI	0001127	Male infertility associated with antisperm antibodies	skos:exactMatch	umls	NoTermFound	manual-absent	github:KrishnaTO
ARI	0001127	Male infertility associated with antisperm antibodies	skos:exactMatch	mesh	NoTermFound	manual-absent	github:KrishnaTO
ARI	0001129	Microscopic polyangiitis	skos:exactMatch	DOID	NoTermFound	manual-absent	github:KrishnaTO
ARI	0001129	Microscopic polyangiitis	skos:exactMatch	umls	NoTermFound	manual-absent	github:KrishnaTO
ARI	0001138	Myocarditis due to autoimmune disease	skos:exactMatch	DOID	NoTermFound	manual-absent	github:KrishnaTO
ARI	0001138	Myocarditis due to autoimmune disease	skos:exactMatch	ncit	NoTermFound	manual-absent	github:KrishnaTO
ARI	0001138	Myocarditis due to autoimmune disease	skos:exactMatch	icd10cm	NoTermFound	manual-absent	github:KrishnaTO
ARI	0001138	Myocarditis due to autoimmune disease	skos:exactMatch	ORPHA	NoTermFound	manual-absent	github:KrishnaTO
ARI	0001138	Myocarditis due to autoimmune disease	skos:exactMatch	mesh	NoTermFound	manual-absent	github:KrishnaTO
ARI	0001139	Myositis	skos:exactMatch	ORPHA	NoTermFound	manual-absent	github:KrishnaTO
ARI	0001140	Necrotizing vasculitis	skos:exactMatch	DOID	NoTermFound	manual-absent	github:KrishnaTO
ARI	0001140	Necrotizing vasculitis	skos:exactMatch	icd10cm	NoTermFound	manual-absent	github:KrishnaTO
ARI	0001140	Necrotizing vasculitis	skos:exactMatch	ORPHA	NoTermFound	manual-absent	github:KrishnaTO
ARI	0001140	Necrotizing vasculitis	skos:exactMatch	mesh	NoTermFound	manual-absent	github:KrishnaTO
ARI	0001145	Ocular myasthenia gravis	skos:exactMatch	DOID	NoTermFound	manual-absent	github:KrishnaTO
ARI	0001145	Ocular myasthenia gravis	skos:exactMatch	ncit	NoTermFound	manual-absent	github:KrishnaTO
ARI	0001145	Ocular myasthenia gravis	skos:exactMatch	icd10cm	NoTermFound	manual-absent	github:KrishnaTO
ARI	0001145	Ocular myasthenia gravis	skos:exactMatch	ORPHA	NoTermFound	manual-absent	github:KrishnaTO
ARI	0001145	Ocular myasthenia gravis	skos:exactMatch	umls	NoTermFound	manual-absent	github:KrishnaTO
ARI	0001145	Ocular myasthenia gravis	skos:exactMatch	mesh	NoTermFound	manual-absent	github:KrishnaTO
ARI	0001146	Ophthalmoplegia due to Graves' disease	skos:exactMatch	MONDO	NoTermFound	manual-absent	github:KrishnaTO
ARI	0001146	Ophthalmoplegia due to Graves' disease	skos:exactMatch	ncit	NoTermFound	manual-absent	github:KrishnaTO
ARI	0001146	Ophthalmoplegia due to Graves' disease	skos:exactMatch	icd10cm	NoTermFound	manual-absent	github:KrishnaTO
ARI	0001146	Ophthalmoplegia due to Graves' disease	skos:exactMatch	ORPHA	NoTermFound	manual-absent	github:KrishnaTO
ARI	0001146	Ophthalmoplegia due to Graves' disease	skos:exactMatch	umls	NoTermFound	manual-absent	github:KrishnaTO
ARI	0001147	Opsoclonus-myoclonus syndrome	skos:exactMatch	DOID	NoTermFound	manual-absent	github:KrishnaTO
ARI	0001147	Opsoclonus-myoclonus syndrome	skos:exactMatch	icd10cm	NoTermFound	manual-absent	github:KrishnaTO
ARI	0001148	Palindromic rheumatism	skos:exactMatch	ORPHA	NoTermFound	manual-absent	github:KrishnaTO
ARI	0001149	Paraneoplastic cerebellar degeneration	skos:exactMatch	DOID	NoTermFound	manual-absent	github:KrishnaTO
ARI	0001149	Paraneoplastic cerebellar degeneration	skos:exactMatch	icd10cm	NoTermFound	manual-absent	github:KrishnaTO
ARI	0001150	Paraneoplastic pemphigus	skos:exactMatch	SNOMEDCT	NoTermFound	manual-absent	github:KrishnaTO
ARI	0001150	Paraneoplastic pemphigus	skos:exactMatch	ncit	NoTermFound	manual-absent	github:KrishnaTO
ARI	0001150	Paraneoplastic pemphigus	skos:exactMatch	mesh	NoTermFound	manual-absent	github:KrishnaTO
ARI	0001151	Paroxysmal cold hemoglobinuria	skos:exactMatch	DOID	NoTermFound	manual-absent	github:KrishnaTO
ARI	0001151	Paroxysmal cold hemoglobinuria	skos:exactMatch	ncit	NoTermFound	manual-absent	github:KrishnaTO
ARI	0001151	Paroxysmal cold hemoglobinuria	skos:exactMatch	icd10cm	NoTermFound	manual-absent	github:KrishnaTO
ARI	0001152	Paroxysmal nocturnal hemoglobinuria	skos:exactMatch	mesh	NoTermFound	manual-absent	github:KrishnaTO
ARI	0001153	Pediatric autoimmune neuropsychiatric disorder associated with streptococcal infection	skos:exactMatch	DOID	NoTermFound	manual-absent	github:KrishnaTO
ARI	0001153	Pediatric autoimmune neuropsychiatric disorder associated with streptococcal infection	skos:exactMatch	ncit	NoTermFound	manual-absent	github:KrishnaTO
ARI	0001153	Pediatric autoimmune neuropsychiatric disorder associated with streptococcal infection	skos:exactMatch	icd10cm	NoTermFound	manual-absent	github:KrishnaTO
ARI	0001154	Pemphigus	skos:exactMatch	ORPHA	NoTermFound	manual-absent	github:KrishnaTO
ARI	0001155	POEMS syndrome	skos:exactMatch	icd10cm	NoTermFound	manual-absent	github:KrishnaTO
ARI	0001163	Postmyocardial infarction syndrome	skos:exactMatch	ncit	NoTermFound	manual-absent	github:KrishnaTO
ARI	0001163	Postmyocardial infarction syndrome	skos:exactMatch	ORPHA	NoTermFound	manual-absent	github:KrishnaTO
ARI	0001163	Postmyocardial infarction syndrome	skos:exactMatch	mesh	NoTermFound	manual-absent	github:KrishnaTO
ARI	0001164	Postural orthostatic tachycardia syndrome	skos:exactMatch	icd10cm	NoTermFound	manual-absent	github:KrishnaTO
ARI	0001165	Primary acquired chylomicronemia	skos:exactMatch	DOID	NoTermFound	manual-absent	github:KrishnaTO
ARI	0001165	Primary acquired chylomicronemia	skos:exactMatch	MONDO	NoTermFound	manual-absent	github:KrishnaTO
ARI	0001165	Primary acquired chylomicronemia	skos:exactMatch	ncit	NoTermFound	manual-absent	github:KrishnaTO
ARI	0001165	Primary acquired chylomicronemia	skos:exactMatch	icd10cm	NoTermFound	manual-absent	github:KrishnaTO
ARI	0001165	Primary acquired chylomicronemia	skos:exactMatch	ORPHA	NoTermFound	manual-absent	github:KrishnaTO
ARI	0001165	Primary acquired chylomicronemia	skos:exactMatch	umls	NoTermFound	manual-absent	github:KrishnaTO
ARI	0001165	Primary acquired chylomicronemia	skos:exactMatch	mesh	NoTermFound	manual-absent	github:KrishnaTO
ARI	0001167	Primary idiopathic dilated cardiomyopathy	skos:exactMatch	DOID	NoTermFound	manual-absent	github:KrishnaTO
ARI	0001167	Primary idiopathic dilated cardiomyopathy	skos:exactMatch	MONDO	NoTermFound	manual-absent	github:KrishnaTO
ARI	0001167	Primary idiopathic dilated cardiomyopathy	skos:exactMatch	ncit	NoTermFound	manual-absent	github:KrishnaTO
ARI	0001167	Primary idiopathic dilated cardiomyopathy	skos:exactMatch	icd10cm	NoTermFound	manual-absent	github:KrishnaTO
ARI	0001167	Primary idiopathic dilated cardiomyopathy	skos:exactMatch	ORPHA	NoTermFound	manual-absent	github:KrishnaTO
ARI	0001167	Primary idiopathic dilated cardiomyopathy	skos:exactMatch	mesh	NoTermFound	manual-absent	github:KrishnaTO
ARI	0001170	Progressive hemifacial atrophy	skos:exactMatch	icd10cm	NoTermFound	manual-absent	github:KrishnaTO
ARI	0001173	Pure red cell aplasia	skos:exactMatch	icd10cm	NoTermFound	manual-absent	github:KrishnaTO
ARI	0001173	Pure red cell aplasia	skos:exactMatch	ORPHA	NoTermFound	manual-absent	github:KrishnaTO
ARI	0001174	Pyoderma gangrenosum	skos:exactMatch	ncit	NoTermFound	manual-absent	github:KrishnaTO
ARI	0001175	Rasmussen syndrome	skos:exactMatch	DOID	NoTermFound	manual-absent	github:KrishnaTO
ARI	0001175	Rasmussen syndrome	skos:exactMatch	icd10cm	NoTermFound	manual-absent	github:KrishnaTO
ARI	0001176	Secondary Raynaud's phenomenon	skos:exactMatch	MONDO	NoTermFound	manual-absent	github:KrishnaTO
ARI	0001176	Secondary Raynaud's phenomenon	skos:exactMatch	icd10cm	NoTermFound	manual-absent	github:KrishnaTO
ARI	0001176	Secondary Raynaud's phenomenon	skos:exactMatch	ORPHA	NoTermFound	manual-absent	github:KrishnaTO
ARI	0001176	Secondary Raynaud's phenomenon	skos:exactMatch	umls	NoTermFound	manual-absent	github:KrishnaTO
ARI	0001176	Secondary Raynaud's phenomenon	skos:exactMatch	mesh	NoTermFound	manual-absent	github:KrishnaTO
ARI	0001213	Morvan syndrome	skos:exactMatch	mesh	NoTermFound	manual-absent	github:KrishnaTO
ARI	0001214	Latent autoimmune diabetes in adults (LADA)	skos:exactMatch	omop	NoTermFound	manual-absent	github:KrishnaTO
ARI	0001214	Latent autoimmune diabetes in adults (LADA)	skos:exactMatch	ncit	NoTermFound	manual-absent	github:KrishnaTO
ARI	0001214	Latent autoimmune diabetes in adults (LADA)	skos:exactMatch	icd10cm	NoTermFound	manual-absent	github:KrishnaTO
ARI	0001214	Latent autoimmune diabetes in adults (LADA)	skos:exactMatch	ORPHA	NoTermFound	manual-absent	github:KrishnaTO
ARI	0001102	Idiopathic membranous glomerulonephritis	skos:exactMatch	umls	C0086445	manual	github:AnjaliRH
ARI	0001107	Immune thrombocytopenia	skos:exactMatch	MONDO	0002048	manual	github:AnjaliRH
ARI	0001107	Immune thrombocytopenia	skos:exactMatch	ORPHA	3002	manual	github:AnjaliRH
ARI	0001107	Immune thrombocytopenia	skos:exactMatch	OMIM	188030	manual	github:AnjaliRH
ARI	0001108	Immunoglobulin A vasculitis	skos:exactMatch	MONDO	0019167	manual	github:AnjaliRH
ARI	0001108	Immunoglobulin A vasculitis	skos:exactMatch	ORPHA	761	manual	github:AnjaliRH
ARI	0001109	Immunoglobulin G4 related disease	skos:exactMatch	mesh	D000077733	manual	github:AnjaliRH
ARI	0001109	Immunoglobulin G4 related disease	skos:exactMatch	icd10cm	D89.84	manual	github:AnjaliRH
ARI	0001109	Immunoglobulin G4 related disease	skos:exactMatch	umls	C4087124	manual	github:AnjaliRH
ARI	0001110	Immunoglobulin G4 related ophthalmic disease	skos:exactMatch	ORPHA	449563	manual	github:AnjaliRH
ARI	0001110	Immunoglobulin G4 related ophthalmic disease	skos:exactMatch	umls	C5569009	manual	github:AnjaliRH
ARI	0001111	Inclusion body myositis	skos:exactMatch	MONDO	0007827	manual	github:AnjaliRH
ARI	0001111	Inclusion body myositis	skos:exactMatch	ORPHA	611	manual	github:AnjaliRH
ARI	0001111	Inclusion body myositis	skos:exactMatch	OMIM	147421	manual	github:AnjaliRH
ARI	0001112	Inflammatory Bowel Disease	skos:exactMatch	MONDO	0005265	manual	github:AnjaliRH
ARI	0001113	Insulin autoimmune syndrome	skos:exactMatch	MONDO	0018465	manual	github:AnjaliRH
ARI	0001113	Insulin autoimmune syndrome	skos:exactMatch	ORPHA	411593	manual	github:AnjaliRH
ARI	0001114	Insulin resistance - type B	skos:exactMatch	icd10cm	E88.818	manual	github:AnjaliRH
ARI	0001114	Insulin resistance - type B	skos:exactMatch	umls	C0342337	manual	github:AnjaliRH
ARI	0001115	Intermediate uveitis	skos:exactMatch	MONDO	0006806	manual	github:AnjaliRH
ARI	0001115	Intermediate uveitis	skos:exactMatch	ORPHA	279914	manual	github:AnjaliRH
ARI	0001116	Interstitial lung disease	skos:exactMatch	MONDO	0015925	manual	github:AnjaliRH
ARI	0001116	Interstitial lung disease	skos:exactMatch	ORPHA	182095	manual	github:AnjaliRH
ARI	0001109	Immunoglobulin G4 related disease	skos:exactMatch	MONDO	0017287	manual	github:AnjaliRH
ARI	0001109	Immunoglobulin G4 related disease	skos:exactMatch	DOID	0080356	manual	github:KrishnaTO
ARI	0001131	Mooren's ulcer	skos:exactMatch	mesh	D003320	manual-negative	github:KrishnaTO
ARI	0001131	Mooren's ulcer	skos:exactMatch	ncit	C50515	manual-negative	github:KrishnaTO
ARI	0001131	Mooren's ulcer	skos:exactMatch	mesh	NoTermFound	manual-absent	github:KrishnaTO
ARI	0001131	Mooren's ulcer	skos:exactMatch	ncit	NoTermFound	manual-absent	github:KrishnaTO
ARI	0001135	Multiple sclerosis	skos:exactMatch	icd10cm	G35	manual	github:KrishnaTO
ARI	0001135	Multiple sclerosis	skos:exactMatch	mesh	D009103	manual	github:KrishnaTO
ARI	0001135	Multiple sclerosis	skos:exactMatch	umls	C0026769	manual	github:KrishnaTO
ARI	0001157	Polyglandular autoimmune syndrome type 1	skos:exactMatch	mesh	C538275	manual	github:KrishnaTO
ARI	0001158	Polyglandular autoimmune syndrome type 2	skos:exactMatch	DOID	0050168	manual	github:KrishnaTO
ARI	0001158	Polyglandular autoimmune syndrome type 2	skos:exactMatch	ncit	C129728	manual	github:KrishnaTO
ARI	0001158	Polyglandular autoimmune syndrome type 2	skos:exactMatch	umls	C0085860	manual	github:KrishnaTO
ARI	0001143	Neuromyelitis optica	skos:exactMatch	umls	C0027873	manual	github:KrishnaTO
ARI	0001158	Polyglandular autoimmune syndrome type 2	skos:exactMatch	icd10cm	E31.0	manual-negative	github:KrishnaTO
ARI	0001158	Polyglandular autoimmune syndrome type 2	skos:exactMatch	icd10cm	NoTermFound	manual-absent	github:KrishnaTO
ARI	0001194	Subacute bacterial endocarditis	skos:exactMatch	icd10cm	I33.0	manual-negative	github:KrishnaTO
ARI	0001201	Temporal arteritis	skos:exactMatch	icd10cm	M31.6	manual	github:KrishnaTO
ARI	0001206	Undifferentiated connective tissue disease	skos:exactMatch	icd10cm	M35.9	manual	github:KrishnaTO
ARI	0001207	Urticarial vasculitis	skos:exactMatch	umls	C1304408	manual	github:KrishnaTO
ARI	0001214	Latent autoimmune diabetes in adults (LADA)	skos:exactMatch	SNOMEDCT	426875007	manual	github:KrishnaTO
ARI	0001214	Latent autoimmune diabetes in adults (LADA)	skos:exactMatch	DOID	0080846	manual	github:KrishnaTO
ARI	0001214	Latent autoimmune diabetes in adults (LADA)	skos:exactMatch	MONDO	0850306	manual	github:KrishnaTO
ARI	0001214	Latent autoimmune diabetes in adults (LADA)	skos:exactMatch	umls	C1739108	manual	github:KrishnaTO
ARI	0001214	Latent autoimmune diabetes in adults (LADA)	skos:exactMatch	omop	4145827	manual	github:KrishnaTO
ARI	0001215	Fulminant type 1 diabetes	skos:exactMatch	SNOMEDCT	1217068008	manual	github:KrishnaTO
ARI	0001073	Crohn's disease	skos:exactMatch	umls	C0010346	manual	github:KrishnaTO
ARI	0001073	Crohn's disease	skos:exactMatch	OMIM	266600	manual-negative	github:KrishnaTO
ARI	0001074	Cryptogenic organizing pneumonia	skos:exactMatch	icd10cm	J84.116	manual	github:KrishnaTO
ARI	0001074	Cryptogenic organizing pneumonia	skos:exactMatch	mesh	D018549	manual	github:KrishnaTO
ARI	0001074	Cryptogenic organizing pneumonia	skos:exactMatch	ncit	C62586	manual	github:KrishnaTO
ARI	0001074	Cryptogenic organizing pneumonia	skos:exactMatch	umls	C0242770	manual	github:KrishnaTO
ARI	0001076	Cutaneous lupus erythematosus	skos:exactMatch	icd10cm	L93.0	manual-negative	github:KrishnaTO
ARI	0001076	Cutaneous lupus erythematosus	skos:exactMatch	icd10cm	L93	manual	github:KrishnaTO
ARI	0001076	Cutaneous lupus erythematosus	skos:exactMatch	ORPHA	535	manual-negative	github:KrishnaTO
ARI	0001076	Cutaneous lupus erythematosus	skos:exactMatch	ORPHA	NoTermFound	manual-absent	github:KrishnaTO
ARI	0001053	Behçet's syndrome	skos:exactMatch	OMIM	109650	manual	github:KrishnaTO
ARI	0001061	Celiac disease	skos:exactMatch	OMIM	212750	manual	github:KrishnaTO
ARI	0001012	Ankylosing spondylitis	skos:exactMatch	OMIM	106300	manual-negative	github:KrishnaTO
ARI	0001014	Anti-glomerular basement membrane disease	skos:exactMatch	OMIM	233450	manual	github:KrishnaTO
ARI	0001020	Aortic valve calcification	skos:exactMatch	mesh	C562942	manual	github:KrishnaTO
ARI	0001021	Aplastic anemia	skos:exactMatch	ORPHA	164823	manual	github:KrishnaTO
ARI	0001030	Autoimmune ganglionopathy	skos:exactMatch	umls	C5395071	manual	github:KrishnaTO
ARI	0001033	Autoimmune hepatitis	skos:exactMatch	ncit	C27029	manual	github:KrishnaTO
ARI	0001215	Fulminant type 1 diabetes	skos:exactMatch	icd10cm	E10	manual	github:KrishnaTO
